PARTY_ADDRESS_ID,PARTY_ID,ADDRESS_TYPE,ADDRESS_LINE_1,ADDRESS_LINE_2,ADDRESS_LINE_3,CITY,STATE_PROVINCE,POSTAL_CODE,COUNTRY,GEOGRAPHY_ID,PRIMARY_ADDRESS_FLAG,LATITUDE,LONGITUDE,VALID_FROM_TIMESTAMP,VALID_TO_TIMESTAMP,IS_CURRENT_FLAG,CREATED_BY_USER,CREATED_TIMESTAMP,UPDATED_BY_USER,UPDATED_TIMESTAMP
1,1,PRIMARY,2715 Industrial Blvd,Suite 814,,Barcelona,CT,65392,ES,12,True,41.3851,2.1734,2020-01-01 00:00:00,,True,SYSTEM,2020-01-01 00:00:00,SYSTEM,2020-01-01 00:00:00
2,2,PRIMARY,9991 Industrial Blvd,Suite 370,,Shenzhen,GD,15695,CN,15,True,22.5431,114.0579,2020-01-01 00:00:00,,True,SYSTEM,2020-01-01 00:00:00,SYSTEM,2020-01-01 00:00:00
3,3,PRIMARY,850 Industrial Blvd,Suite 777,,Paris,IDF,39871,FR,10,True,48.8566,2.3522,2020-01-01 00:00:00,,True,SYSTEM,2020-01-01 00:00:00,SYSTEM,2020-01-01 00:00:00
4,4,PRIMARY,5920 Industrial Blvd,Suite 314,,Manchester,ENG,97841,GB,9,True,53.4808,-2.2426,2020-01-01 00:00:00,,True,SYSTEM,2020-01-01 00:00:00,SYSTEM,2020-01-01 00:00:00
5,5,PRIMARY,5413 Industrial Blvd,Suite 963,,Taipei,TPE,17331,TW,21,True,25.033,121.5654,2020-01-01 00:00:00,,True,SYSTEM,2020-01-01 00:00:00,SYSTEM,2020-01-01 00:00:00
6,6,PRIMARY,6582 Industrial Blvd,Suite 758,,Lyon,ARA,70142,FR,10,True,45.764,4.8357,2020-01-01 00:00:00,,True,SYSTEM,2020-01-01 00:00:00,SYSTEM,2020-01-01 00:00:00
7,7,PRIMARY,2366 Industrial Blvd,Suite 621,,Shanghai,SH,74686,CN,15,True,31.2304,121.4737,2020-01-01 00:00:00,,True,SYSTEM,2020-01-01 00:00:00,SYSTEM,2020-01-01 00:00:00
8,8,PRIMARY,9863 Industrial Blvd,Suite 579,,Osaka,OS,79352,JP,16,True,34.6937,135.5023,2020-01-01 00:00:00,,True,SYSTEM,2020-01-01 00:00:00,SYSTEM,2020-01-01 00:00:00
9,9,PRIMARY,7533 Industrial Blvd,Suite 103,,Seoul,SO,44522,KR,17,True,37.5665,126.978,2020-01-01 00:00:00,,True,SYSTEM,2020-01-01 00:00:00,SYSTEM,2020-01-01 00:00:00
10,10,PRIMARY,9913 Industrial Blvd,Suite 431,,Singapore,SG,74042,SG,20,True,1.3521,103.8198,2020-01-01 00:00:00,,True,SYSTEM,2020-01-01 00:00:00,SYSTEM,2020-01-01 00:00:00
11,11,PRIMARY,1233 Industrial Blvd,Suite 878,,Monterrey,NL,79822,MX,6,True,25.6866,-100.3161,2020-01-01 00:00:00,,True,SYSTEM,2020-01-01 00:00:00,SYSTEM,2020-01-01 00:00:00
12,12,PRIMARY,6637 Industrial Blvd,Suite 787,,Lyon,ARA,95180,FR,10,True,45.764,4.8357,2020-01-01 00:00:00,,True,SYSTEM,2020-01-01 00:00:00,SYSTEM,2020-01-01 00:00:00
13,13,PRIMARY,9741 Industrial Blvd,Suite 325,,Taipei,TPE,10942,TW,21,True,25.033,121.5654,2020-01-01 00:00:00,,True,SYSTEM,2020-01-01 00:00:00,SYSTEM,2020-01-01 00:00:00
14,14,PRIMARY,4662 Industrial Blvd,Suite 785,,Singapore,SG,73624,SG,20,True,1.3521,103.8198,2020-01-01 00:00:00,,True,SYSTEM,2020-01-01 00:00:00,SYSTEM,2020-01-01 00:00:00
15,15,PRIMARY,7162 Industrial Blvd,Suite 462,,Sao Paulo,SP,65519,BR,7,True,-23.5505,-46.6333,2020-01-01 00:00:00,,True,SYSTEM,2020-01-01 00:00:00,SYSTEM,2020-01-01 00:00:00
16,16,PRIMARY,8886 Industrial Blvd,Suite 559,,Paris,IDF,28373,FR,10,True,48.8566,2.3522,2020-01-01 00:00:00,,True,SYSTEM,2020-01-01 00:00:00,SYSTEM,2020-01-01 00:00:00
17,17,PRIMARY,8956 Industrial Blvd,Suite 956,,Sao Paulo,SP,11934,BR,7,True,-23.5505,-46.6333,2020-01-01 00:00:00,,True,SYSTEM,2020-01-01 00:00:00,SYSTEM,2020-01-01 00:00:00
18,18,PRIMARY,135 Industrial Blvd,Suite 499,,Manchester,ENG,44760,GB,9,True,53.4808,-2.2426,2020-01-01 00:00:00,,True,SYSTEM,2020-01-01 00:00:00,SYSTEM,2020-01-01 00:00:00
19,19,PRIMARY,5238 Industrial Blvd,Suite 158,,Taipei,TPE,16572,TW,21,True,25.033,121.5654,2020-01-01 00:00:00,,True,SYSTEM,2020-01-01 00:00:00,SYSTEM,2020-01-01 00:00:00
20,20,PRIMARY,2064 Industrial Blvd,Suite 683,,Milan,LO,42271,IT,11,True,45.4642,9.19,2020-01-01 00:00:00,,True,SYSTEM,2020-01-01 00:00:00,SYSTEM,2020-01-01 00:00:00
21,21,PRIMARY,6584 Industrial Blvd,Suite 234,,Milan,LO,98039,IT,11,True,45.4642,9.19,2020-01-01 00:00:00,,True,SYSTEM,2020-01-01 00:00:00,SYSTEM,2020-01-01 00:00:00
22,22,PRIMARY,8388 Industrial Blvd,Suite 371,,Taipei,TPE,27361,TW,21,True,25.033,121.5654,2020-01-01 00:00:00,,True,SYSTEM,2020-01-01 00:00:00,SYSTEM,2020-01-01 00:00:00
23,23,PRIMARY,9186 Industrial Blvd,Suite 406,,Singapore,SG,96951,SG,20,True,1.3521,103.8198,2020-01-01 00:00:00,,True,SYSTEM,2020-01-01 00:00:00,SYSTEM,2020-01-01 00:00:00
24,24,PRIMARY,5717 Industrial Blvd,Suite 308,,Amsterdam,NH,93130,NL,13,True,52.3676,4.9041,2020-01-01 00:00:00,,True,SYSTEM,2020-01-01 00:00:00,SYSTEM,2020-01-01 00:00:00
25,25,PRIMARY,2243 Industrial Blvd,Suite 752,,Chicago,IL,44335,US,4,True,41.8781,-87.6298,2020-01-01 00:00:00,,True,SYSTEM,2020-01-01 00:00:00,SYSTEM,2020-01-01 00:00:00
26,26,PRIMARY,6149 Industrial Blvd,Suite 696,,Taipei,TPE,82420,TW,21,True,25.033,121.5654,2020-01-01 00:00:00,,True,SYSTEM,2020-01-01 00:00:00,SYSTEM,2020-01-01 00:00:00
27,27,PRIMARY,5894 Industrial Blvd,Suite 898,,Milan,LO,83385,IT,11,True,45.4642,9.19,2020-01-01 00:00:00,,True,SYSTEM,2020-01-01 00:00:00,SYSTEM,2020-01-01 00:00:00
28,28,PRIMARY,6845 Industrial Blvd,Suite 921,,Manchester,ENG,97806,GB,9,True,53.4808,-2.2426,2020-01-01 00:00:00,,True,SYSTEM,2020-01-01 00:00:00,SYSTEM,2020-01-01 00:00:00
29,29,PRIMARY,5828 Industrial Blvd,Suite 412,,Lyon,ARA,39831,FR,10,True,45.764,4.8357,2020-01-01 00:00:00,,True,SYSTEM,2020-01-01 00:00:00,SYSTEM,2020-01-01 00:00:00
30,30,PRIMARY,8885 Industrial Blvd,Suite 439,,Singapore,SG,13617,SG,20,True,1.3521,103.8198,2020-01-01 00:00:00,,True,SYSTEM,2020-01-01 00:00:00,SYSTEM,2020-01-01 00:00:00
31,31,PRIMARY,6411 Industrial Blvd,Suite 690,,Seoul,SO,34914,KR,17,True,37.5665,126.978,2020-01-01 00:00:00,,True,SYSTEM,2020-01-01 00:00:00,SYSTEM,2020-01-01 00:00:00
32,32,PRIMARY,5020 Industrial Blvd,Suite 619,,Zurich,ZH,50538,CH,14,True,47.3769,8.5417,2020-01-01 00:00:00,,True,SYSTEM,2020-01-01 00:00:00,SYSTEM,2020-01-01 00:00:00
33,33,PRIMARY,6753 Industrial Blvd,Suite 661,,Manchester,ENG,10053,GB,9,True,53.4808,-2.2426,2020-01-01 00:00:00,,True,SYSTEM,2020-01-01 00:00:00,SYSTEM,2020-01-01 00:00:00
34,34,PRIMARY,2880 Industrial Blvd,Suite 774,,Singapore,SG,21114,SG,20,True,1.3521,103.8198,2020-01-01 00:00:00,,True,SYSTEM,2020-01-01 00:00:00,SYSTEM,2020-01-01 00:00:00
35,35,PRIMARY,857 Industrial Blvd,Suite 350,,Munich,BY,72277,DE,8,True,48.1351,11.582,2020-01-01 00:00:00,,True,SYSTEM,2020-01-01 00:00:00,SYSTEM,2020-01-01 00:00:00
36,36,PRIMARY,7065 Industrial Blvd,Suite 324,,New York,NY,33053,US,4,True,40.7128,-74.006,2020-01-01 00:00:00,,True,SYSTEM,2020-01-01 00:00:00,SYSTEM,2020-01-01 00:00:00
37,37,PRIMARY,7351 Industrial Blvd,Suite 727,,Taipei,TPE,76162,TW,21,True,25.033,121.5654,2020-01-01 00:00:00,,True,SYSTEM,2020-01-01 00:00:00,SYSTEM,2020-01-01 00:00:00
38,38,PRIMARY,4019 Industrial Blvd,Suite 381,,Singapore,SG,67654,SG,20,True,1.3521,103.8198,2020-01-01 00:00:00,,True,SYSTEM,2020-01-01 00:00:00,SYSTEM,2020-01-01 00:00:00
39,39,PRIMARY,3888 Industrial Blvd,Suite 492,,Munich,BY,30028,DE,8,True,48.1351,11.582,2020-01-01 00:00:00,,True,SYSTEM,2020-01-01 00:00:00,SYSTEM,2020-01-01 00:00:00
40,40,PRIMARY,6481 Industrial Blvd,Suite 888,,Lyon,ARA,86556,FR,10,True,45.764,4.8357,2020-01-01 00:00:00,,True,SYSTEM,2020-01-01 00:00:00,SYSTEM,2020-01-01 00:00:00
41,41,PRIMARY,8099 Industrial Blvd,Suite 324,,Seoul,SO,45774,KR,17,True,37.5665,126.978,2020-01-01 00:00:00,,True,SYSTEM,2020-01-01 00:00:00,SYSTEM,2020-01-01 00:00:00
42,42,PRIMARY,8851 Industrial Blvd,Suite 127,,Mumbai,MH,61645,IN,18,True,19.076,72.8777,2020-01-01 00:00:00,,True,SYSTEM,2020-01-01 00:00:00,SYSTEM,2020-01-01 00:00:00
43,43,PRIMARY,7549 Industrial Blvd,Suite 434,,Zurich,ZH,54236,CH,14,True,47.3769,8.5417,2020-01-01 00:00:00,,True,SYSTEM,2020-01-01 00:00:00,SYSTEM,2020-01-01 00:00:00
44,44,PRIMARY,3773 Industrial Blvd,Suite 765,,Vancouver,BC,18993,CA,5,True,49.2827,-123.1207,2020-01-01 00:00:00,,True,SYSTEM,2020-01-01 00:00:00,SYSTEM,2020-01-01 00:00:00
45,45,PRIMARY,9340 Industrial Blvd,Suite 323,,Sydney,NSW,70952,AU,19,True,-33.8688,151.2093,2020-01-01 00:00:00,,True,SYSTEM,2020-01-01 00:00:00,SYSTEM,2020-01-01 00:00:00
46,46,PRIMARY,6598 Industrial Blvd,Suite 832,,Amsterdam,NH,35995,NL,13,True,52.3676,4.9041,2020-01-01 00:00:00,,True,SYSTEM,2020-01-01 00:00:00,SYSTEM,2020-01-01 00:00:00
47,47,PRIMARY,6171 Industrial Blvd,Suite 170,,Shenzhen,GD,76317,CN,15,True,22.5431,114.0579,2020-01-01 00:00:00,,True,SYSTEM,2020-01-01 00:00:00,SYSTEM,2020-01-01 00:00:00
48,48,PRIMARY,2985 Industrial Blvd,Suite 851,,Frankfurt,HE,78386,DE,8,True,50.1109,8.6821,2020-01-01 00:00:00,,True,SYSTEM,2020-01-01 00:00:00,SYSTEM,2020-01-01 00:00:00
49,49,PRIMARY,4669 Industrial Blvd,Suite 561,,Milan,LO,41963,IT,11,True,45.4642,9.19,2020-01-01 00:00:00,,True,SYSTEM,2020-01-01 00:00:00,SYSTEM,2020-01-01 00:00:00
50,50,PRIMARY,4332 Industrial Blvd,Suite 448,,Lyon,ARA,46655,FR,10,True,45.764,4.8357,2020-01-01 00:00:00,,True,SYSTEM,2020-01-01 00:00:00,SYSTEM,2020-01-01 00:00:00
51,51,PRIMARY,8141 Industrial Blvd,Suite 558,,Milan,LO,12260,IT,11,True,45.4642,9.19,2020-01-01 00:00:00,,True,SYSTEM,2020-01-01 00:00:00,SYSTEM,2020-01-01 00:00:00
52,52,PRIMARY,7071 Industrial Blvd,Suite 863,,Taipei,TPE,82140,TW,21,True,25.033,121.5654,2020-01-01 00:00:00,,True,SYSTEM,2020-01-01 00:00:00,SYSTEM,2020-01-01 00:00:00
53,53,PRIMARY,8879 Industrial Blvd,Suite 880,,Zurich,ZH,34267,CH,14,True,47.3769,8.5417,2020-01-01 00:00:00,,True,SYSTEM,2020-01-01 00:00:00,SYSTEM,2020-01-01 00:00:00
54,54,PRIMARY,5052 Industrial Blvd,Suite 114,,Shanghai,SH,80010,CN,15,True,31.2304,121.4737,2020-01-01 00:00:00,,True,SYSTEM,2020-01-01 00:00:00,SYSTEM,2020-01-01 00:00:00
55,55,PRIMARY,9505 Industrial Blvd,Suite 391,,Sao Paulo,SP,71524,BR,7,True,-23.5505,-46.6333,2020-01-01 00:00:00,,True,SYSTEM,2020-01-01 00:00:00,SYSTEM,2020-01-01 00:00:00
56,56,PRIMARY,1313 Industrial Blvd,Suite 690,,Osaka,OS,92502,JP,16,True,34.6937,135.5023,2020-01-01 00:00:00,,True,SYSTEM,2020-01-01 00:00:00,SYSTEM,2020-01-01 00:00:00
57,57,PRIMARY,7481 Industrial Blvd,Suite 553,,Milan,LO,48974,IT,11,True,45.4642,9.19,2020-01-01 00:00:00,,True,SYSTEM,2020-01-01 00:00:00,SYSTEM,2020-01-01 00:00:00
58,58,PRIMARY,2947 Industrial Blvd,Suite 665,,London,ENG,19838,GB,9,True,51.5074,-0.1278,2020-01-01 00:00:00,,True,SYSTEM,2020-01-01 00:00:00,SYSTEM,2020-01-01 00:00:00
59,59,PRIMARY,1266 Industrial Blvd,Suite 803,,Amsterdam,NH,40595,NL,13,True,52.3676,4.9041,2020-01-01 00:00:00,,True,SYSTEM,2020-01-01 00:00:00,SYSTEM,2020-01-01 00:00:00
60,60,PRIMARY,1269 Industrial Blvd,Suite 161,,Barcelona,CT,31747,ES,12,True,41.3851,2.1734,2020-01-01 00:00:00,,True,SYSTEM,2020-01-01 00:00:00,SYSTEM,2020-01-01 00:00:00
61,61,PRIMARY,7272 Industrial Blvd,Suite 182,,Barcelona,CT,88385,ES,12,True,41.3851,2.1734,2020-01-01 00:00:00,,True,SYSTEM,2020-01-01 00:00:00,SYSTEM,2020-01-01 00:00:00
62,62,PRIMARY,2970 Industrial Blvd,Suite 581,,Barcelona,CT,78021,ES,12,True,41.3851,2.1734,2020-01-01 00:00:00,,True,SYSTEM,2020-01-01 00:00:00,SYSTEM,2020-01-01 00:00:00
63,63,PRIMARY,5360 Industrial Blvd,Suite 786,,Seoul,SO,23710,KR,17,True,37.5665,126.978,2020-01-01 00:00:00,,True,SYSTEM,2020-01-01 00:00:00,SYSTEM,2020-01-01 00:00:00
64,64,PRIMARY,5253 Industrial Blvd,Suite 358,,Mumbai,MH,52372,IN,18,True,19.076,72.8777,2020-01-01 00:00:00,,True,SYSTEM,2020-01-01 00:00:00,SYSTEM,2020-01-01 00:00:00
65,65,PRIMARY,945 Industrial Blvd,Suite 308,,Sydney,NSW,45003,AU,19,True,-33.8688,151.2093,2020-01-01 00:00:00,,True,SYSTEM,2020-01-01 00:00:00,SYSTEM,2020-01-01 00:00:00
66,66,PRIMARY,9148 Industrial Blvd,Suite 517,,Amsterdam,NH,22217,NL,13,True,52.3676,4.9041,2020-01-01 00:00:00,,True,SYSTEM,2020-01-01 00:00:00,SYSTEM,2020-01-01 00:00:00
67,67,PRIMARY,7836 Industrial Blvd,Suite 349,,Seoul,SO,69871,KR,17,True,37.5665,126.978,2020-01-01 00:00:00,,True,SYSTEM,2020-01-01 00:00:00,SYSTEM,2020-01-01 00:00:00
68,68,PRIMARY,4734 Industrial Blvd,Suite 843,,Barcelona,CT,49132,ES,12,True,41.3851,2.1734,2020-01-01 00:00:00,,True,SYSTEM,2020-01-01 00:00:00,SYSTEM,2020-01-01 00:00:00
69,69,PRIMARY,3190 Industrial Blvd,Suite 814,,Bangalore,KA,41300,IN,18,True,12.9716,77.5946,2020-01-01 00:00:00,,True,SYSTEM,2020-01-01 00:00:00,SYSTEM,2020-01-01 00:00:00
70,70,PRIMARY,8215 Industrial Blvd,Suite 137,,Tokyo,TK,26547,JP,16,True,35.6762,139.6503,2020-01-01 00:00:00,,True,SYSTEM,2020-01-01 00:00:00,SYSTEM,2020-01-01 00:00:00
71,71,PRIMARY,4442 Industrial Blvd,Suite 446,,Monterrey,NL,91691,MX,6,True,25.6866,-100.3161,2020-01-01 00:00:00,,True,SYSTEM,2020-01-01 00:00:00,SYSTEM,2020-01-01 00:00:00
72,72,PRIMARY,1221 Industrial Blvd,Suite 340,,Taipei,TPE,92727,TW,21,True,25.033,121.5654,2020-01-01 00:00:00,,True,SYSTEM,2020-01-01 00:00:00,SYSTEM,2020-01-01 00:00:00
73,73,PRIMARY,853 Industrial Blvd,Suite 432,,Amsterdam,NH,17355,NL,13,True,52.3676,4.9041,2020-01-01 00:00:00,,True,SYSTEM,2020-01-01 00:00:00,SYSTEM,2020-01-01 00:00:00
74,74,PRIMARY,1393 Industrial Blvd,Suite 724,,London,ENG,60140,GB,9,True,51.5074,-0.1278,2020-01-01 00:00:00,,True,SYSTEM,2020-01-01 00:00:00,SYSTEM,2020-01-01 00:00:00
75,75,PRIMARY,4812 Industrial Blvd,Suite 793,,Houston,TX,81643,US,4,True,29.7604,-95.3698,2020-01-01 00:00:00,,True,SYSTEM,2020-01-01 00:00:00,SYSTEM,2020-01-01 00:00:00
76,76,PRIMARY,3363 Industrial Blvd,Suite 493,,Bangalore,KA,73335,IN,18,True,12.9716,77.5946,2020-01-01 00:00:00,,True,SYSTEM,2020-01-01 00:00:00,SYSTEM,2020-01-01 00:00:00
77,77,PRIMARY,9372 Industrial Blvd,Suite 985,,Barcelona,CT,99889,ES,12,True,41.3851,2.1734,2020-01-01 00:00:00,,True,SYSTEM,2020-01-01 00:00:00,SYSTEM,2020-01-01 00:00:00
78,78,PRIMARY,1691 Industrial Blvd,Suite 742,,Barcelona,CT,94717,ES,12,True,41.3851,2.1734,2020-01-01 00:00:00,,True,SYSTEM,2020-01-01 00:00:00,SYSTEM,2020-01-01 00:00:00
79,79,PRIMARY,2977 Industrial Blvd,Suite 305,,Zurich,ZH,27322,CH,14,True,47.3769,8.5417,2020-01-01 00:00:00,,True,SYSTEM,2020-01-01 00:00:00,SYSTEM,2020-01-01 00:00:00
80,80,PRIMARY,1333 Industrial Blvd,Suite 244,,Sao Paulo,SP,39571,BR,7,True,-23.5505,-46.6333,2020-01-01 00:00:00,,True,SYSTEM,2020-01-01 00:00:00,SYSTEM,2020-01-01 00:00:00
81,81,PRIMARY,4395 Industrial Blvd,Suite 698,,Bangalore,KA,59941,IN,18,True,12.9716,77.5946,2020-01-01 00:00:00,,True,SYSTEM,2020-01-01 00:00:00,SYSTEM,2020-01-01 00:00:00
82,82,PRIMARY,5051 Industrial Blvd,Suite 764,,Monterrey,NL,63516,MX,6,True,25.6866,-100.3161,2020-01-01 00:00:00,,True,SYSTEM,2020-01-01 00:00:00,SYSTEM,2020-01-01 00:00:00
83,83,PRIMARY,6467 Industrial Blvd,Suite 564,,Taipei,TPE,58629,TW,21,True,25.033,121.5654,2020-01-01 00:00:00,,True,SYSTEM,2020-01-01 00:00:00,SYSTEM,2020-01-01 00:00:00
84,84,PRIMARY,6170 Industrial Blvd,Suite 322,,Barcelona,CT,68115,ES,12,True,41.3851,2.1734,2020-01-01 00:00:00,,True,SYSTEM,2020-01-01 00:00:00,SYSTEM,2020-01-01 00:00:00
85,85,PRIMARY,2101 Industrial Blvd,Suite 968,,Barcelona,CT,69600,ES,12,True,41.3851,2.1734,2020-01-01 00:00:00,,True,SYSTEM,2020-01-01 00:00:00,SYSTEM,2020-01-01 00:00:00
86,86,PRIMARY,9180 Industrial Blvd,Suite 312,,Paris,IDF,86858,FR,10,True,48.8566,2.3522,2020-01-01 00:00:00,,True,SYSTEM,2020-01-01 00:00:00,SYSTEM,2020-01-01 00:00:00
87,87,PRIMARY,1901 Industrial Blvd,Suite 776,,Barcelona,CT,13379,ES,12,True,41.3851,2.1734,2020-01-01 00:00:00,,True,SYSTEM,2020-01-01 00:00:00,SYSTEM,2020-01-01 00:00:00
88,88,PRIMARY,8719 Industrial Blvd,Suite 216,,Frankfurt,HE,18330,DE,8,True,50.1109,8.6821,2020-01-01 00:00:00,,True,SYSTEM,2020-01-01 00:00:00,SYSTEM,2020-01-01 00:00:00
89,89,PRIMARY,7604 Industrial Blvd,Suite 758,,Singapore,SG,14082,SG,20,True,1.3521,103.8198,2020-01-01 00:00:00,,True,SYSTEM,2020-01-01 00:00:00,SYSTEM,2020-01-01 00:00:00
90,90,PRIMARY,1176 Industrial Blvd,Suite 229,,Zurich,ZH,46046,CH,14,True,47.3769,8.5417,2020-01-01 00:00:00,,True,SYSTEM,2020-01-01 00:00:00,SYSTEM,2020-01-01 00:00:00
91,91,PRIMARY,7498 Industrial Blvd,Suite 333,,Lyon,ARA,64239,FR,10,True,45.764,4.8357,2020-01-01 00:00:00,,True,SYSTEM,2020-01-01 00:00:00,SYSTEM,2020-01-01 00:00:00
92,92,PRIMARY,7870 Industrial Blvd,Suite 168,,Shanghai,SH,21957,CN,15,True,31.2304,121.4737,2020-01-01 00:00:00,,True,SYSTEM,2020-01-01 00:00:00,SYSTEM,2020-01-01 00:00:00
93,93,PRIMARY,2102 Industrial Blvd,Suite 520,,Taipei,TPE,56346,TW,21,True,25.033,121.5654,2020-01-01 00:00:00,,True,SYSTEM,2020-01-01 00:00:00,SYSTEM,2020-01-01 00:00:00
94,94,PRIMARY,8000 Industrial Blvd,Suite 329,,Paris,IDF,24184,FR,10,True,48.8566,2.3522,2020-01-01 00:00:00,,True,SYSTEM,2020-01-01 00:00:00,SYSTEM,2020-01-01 00:00:00
95,95,PRIMARY,4481 Industrial Blvd,Suite 129,,Taipei,TPE,33647,TW,21,True,25.033,121.5654,2020-01-01 00:00:00,,True,SYSTEM,2020-01-01 00:00:00,SYSTEM,2020-01-01 00:00:00
96,96,PRIMARY,602 Industrial Blvd,Suite 193,,Mexico City,CDMX,79531,MX,6,True,19.4326,-99.1332,2020-01-01 00:00:00,,True,SYSTEM,2020-01-01 00:00:00,SYSTEM,2020-01-01 00:00:00
97,97,PRIMARY,2649 Industrial Blvd,Suite 261,,Mexico City,CDMX,90981,MX,6,True,19.4326,-99.1332,2020-01-01 00:00:00,,True,SYSTEM,2020-01-01 00:00:00,SYSTEM,2020-01-01 00:00:00
98,98,PRIMARY,3631 Industrial Blvd,Suite 873,,Seoul,SO,77154,KR,17,True,37.5665,126.978,2020-01-01 00:00:00,,True,SYSTEM,2020-01-01 00:00:00,SYSTEM,2020-01-01 00:00:00
99,99,PRIMARY,3712 Industrial Blvd,Suite 504,,Amsterdam,NH,88554,NL,13,True,52.3676,4.9041,2020-01-01 00:00:00,,True,SYSTEM,2020-01-01 00:00:00,SYSTEM,2020-01-01 00:00:00
100,100,PRIMARY,226 Industrial Blvd,Suite 609,,Zurich,ZH,66446,CH,14,True,47.3769,8.5417,2020-01-01 00:00:00,,True,SYSTEM,2020-01-01 00:00:00,SYSTEM,2020-01-01 00:00:00
101,101,PRIMARY,7632 Industrial Blvd,Suite 179,,Seoul,SO,51033,KR,17,True,37.5665,126.978,2020-01-01 00:00:00,,True,SYSTEM,2020-01-01 00:00:00,SYSTEM,2020-01-01 00:00:00
102,102,PRIMARY,6028 Industrial Blvd,Suite 190,,Manchester,ENG,67240,GB,9,True,53.4808,-2.2426,2020-01-01 00:00:00,,True,SYSTEM,2020-01-01 00:00:00,SYSTEM,2020-01-01 00:00:00
103,103,PRIMARY,2854 Industrial Blvd,Suite 178,,Milan,LO,76910,IT,11,True,45.4642,9.19,2020-01-01 00:00:00,,True,SYSTEM,2020-01-01 00:00:00,SYSTEM,2020-01-01 00:00:00
104,104,PRIMARY,3332 Industrial Blvd,Suite 277,,Frankfurt,HE,88957,DE,8,True,50.1109,8.6821,2020-01-01 00:00:00,,True,SYSTEM,2020-01-01 00:00:00,SYSTEM,2020-01-01 00:00:00
105,105,PRIMARY,2573 Industrial Blvd,Suite 550,,Zurich,ZH,18950,CH,14,True,47.3769,8.5417,2020-01-01 00:00:00,,True,SYSTEM,2020-01-01 00:00:00,SYSTEM,2020-01-01 00:00:00
106,106,PRIMARY,716 Industrial Blvd,Suite 158,,Bangalore,KA,58331,IN,18,True,12.9716,77.5946,2020-01-01 00:00:00,,True,SYSTEM,2020-01-01 00:00:00,SYSTEM,2020-01-01 00:00:00
107,107,PRIMARY,5367 Industrial Blvd,Suite 719,,Mumbai,MH,72341,IN,18,True,19.076,72.8777,2020-01-01 00:00:00,,True,SYSTEM,2020-01-01 00:00:00,SYSTEM,2020-01-01 00:00:00
108,108,PRIMARY,7272 Industrial Blvd,Suite 549,,Toronto,ON,78690,CA,5,True,43.6532,-79.3832,2020-01-01 00:00:00,,True,SYSTEM,2020-01-01 00:00:00,SYSTEM,2020-01-01 00:00:00
109,109,PRIMARY,5501 Industrial Blvd,Suite 196,,Zurich,ZH,83133,CH,14,True,47.3769,8.5417,2020-01-01 00:00:00,,True,SYSTEM,2020-01-01 00:00:00,SYSTEM,2020-01-01 00:00:00
110,110,PRIMARY,6521 Industrial Blvd,Suite 232,,Shenzhen,GD,87993,CN,15,True,22.5431,114.0579,2020-01-01 00:00:00,,True,SYSTEM,2020-01-01 00:00:00,SYSTEM,2020-01-01 00:00:00
111,111,PRIMARY,398 Industrial Blvd,Suite 471,,Singapore,SG,50483,SG,20,True,1.3521,103.8198,2020-01-01 00:00:00,,True,SYSTEM,2020-01-01 00:00:00,SYSTEM,2020-01-01 00:00:00
112,112,PRIMARY,8417 Industrial Blvd,Suite 889,,Amsterdam,NH,80748,NL,13,True,52.3676,4.9041,2020-01-01 00:00:00,,True,SYSTEM,2020-01-01 00:00:00,SYSTEM,2020-01-01 00:00:00
113,113,PRIMARY,6831 Industrial Blvd,Suite 473,,Mumbai,MH,98652,IN,18,True,19.076,72.8777,2020-01-01 00:00:00,,True,SYSTEM,2020-01-01 00:00:00,SYSTEM,2020-01-01 00:00:00
114,114,PRIMARY,9445 Industrial Blvd,Suite 551,,Lyon,ARA,70513,FR,10,True,45.764,4.8357,2020-01-01 00:00:00,,True,SYSTEM,2020-01-01 00:00:00,SYSTEM,2020-01-01 00:00:00
115,115,PRIMARY,9185 Industrial Blvd,Suite 205,,Sydney,NSW,77621,AU,19,True,-33.8688,151.2093,2020-01-01 00:00:00,,True,SYSTEM,2020-01-01 00:00:00,SYSTEM,2020-01-01 00:00:00
116,116,PRIMARY,7491 Industrial Blvd,Suite 457,,Mexico City,CDMX,13495,MX,6,True,19.4326,-99.1332,2020-01-01 00:00:00,,True,SYSTEM,2020-01-01 00:00:00,SYSTEM,2020-01-01 00:00:00
117,117,PRIMARY,1723 Industrial Blvd,Suite 959,,Chicago,IL,95191,US,4,True,41.8781,-87.6298,2020-01-01 00:00:00,,True,SYSTEM,2020-01-01 00:00:00,SYSTEM,2020-01-01 00:00:00
118,118,PRIMARY,186 Industrial Blvd,Suite 181,,Sydney,NSW,12490,AU,19,True,-33.8688,151.2093,2020-01-01 00:00:00,,True,SYSTEM,2020-01-01 00:00:00,SYSTEM,2020-01-01 00:00:00
119,119,PRIMARY,4006 Industrial Blvd,Suite 529,,Sao Paulo,SP,93748,BR,7,True,-23.5505,-46.6333,2020-01-01 00:00:00,,True,SYSTEM,2020-01-01 00:00:00,SYSTEM,2020-01-01 00:00:00
120,120,PRIMARY,7132 Industrial Blvd,Suite 101,,Frankfurt,HE,90584,DE,8,True,50.1109,8.6821,2020-01-01 00:00:00,,True,SYSTEM,2020-01-01 00:00:00,SYSTEM,2020-01-01 00:00:00
121,121,PRIMARY,6497 Industrial Blvd,Suite 994,,Taipei,TPE,71621,TW,21,True,25.033,121.5654,2020-01-01 00:00:00,,True,SYSTEM,2020-01-01 00:00:00,SYSTEM,2020-01-01 00:00:00
122,122,PRIMARY,1798 Industrial Blvd,Suite 890,,Shanghai,SH,86271,CN,15,True,31.2304,121.4737,2020-01-01 00:00:00,,True,SYSTEM,2020-01-01 00:00:00,SYSTEM,2020-01-01 00:00:00
123,123,PRIMARY,2309 Industrial Blvd,Suite 164,,Sydney,NSW,69988,AU,19,True,-33.8688,151.2093,2020-01-01 00:00:00,,True,SYSTEM,2020-01-01 00:00:00,SYSTEM,2020-01-01 00:00:00
124,124,PRIMARY,8997 Industrial Blvd,Suite 584,,Singapore,SG,43202,SG,20,True,1.3521,103.8198,2020-01-01 00:00:00,,True,SYSTEM,2020-01-01 00:00:00,SYSTEM,2020-01-01 00:00:00
125,125,PRIMARY,6129 Industrial Blvd,Suite 547,,Barcelona,CT,62431,ES,12,True,41.3851,2.1734,2020-01-01 00:00:00,,True,SYSTEM,2020-01-01 00:00:00,SYSTEM,2020-01-01 00:00:00
126,126,PRIMARY,7055 Industrial Blvd,Suite 180,,Barcelona,CT,66440,ES,12,True,41.3851,2.1734,2020-01-01 00:00:00,,True,SYSTEM,2020-01-01 00:00:00,SYSTEM,2020-01-01 00:00:00
127,127,PRIMARY,9973 Industrial Blvd,Suite 834,,Amsterdam,NH,65851,NL,13,True,52.3676,4.9041,2020-01-01 00:00:00,,True,SYSTEM,2020-01-01 00:00:00,SYSTEM,2020-01-01 00:00:00
128,128,PRIMARY,1329 Industrial Blvd,Suite 787,,Barcelona,CT,93560,ES,12,True,41.3851,2.1734,2020-01-01 00:00:00,,True,SYSTEM,2020-01-01 00:00:00,SYSTEM,2020-01-01 00:00:00
129,129,PRIMARY,6101 Industrial Blvd,Suite 470,,Mexico City,CDMX,60181,MX,6,True,19.4326,-99.1332,2020-01-01 00:00:00,,True,SYSTEM,2020-01-01 00:00:00,SYSTEM,2020-01-01 00:00:00
130,130,PRIMARY,6621 Industrial Blvd,Suite 421,,Singapore,SG,95139,SG,20,True,1.3521,103.8198,2020-01-01 00:00:00,,True,SYSTEM,2020-01-01 00:00:00,SYSTEM,2020-01-01 00:00:00
131,131,PRIMARY,4364 Industrial Blvd,Suite 820,,Sao Paulo,SP,68493,BR,7,True,-23.5505,-46.6333,2020-01-01 00:00:00,,True,SYSTEM,2020-01-01 00:00:00,SYSTEM,2020-01-01 00:00:00
132,132,PRIMARY,1538 Industrial Blvd,Suite 929,,Manchester,ENG,99381,GB,9,True,53.4808,-2.2426,2020-01-01 00:00:00,,True,SYSTEM,2020-01-01 00:00:00,SYSTEM,2020-01-01 00:00:00
133,133,PRIMARY,2088 Industrial Blvd,Suite 305,,Shanghai,SH,28202,CN,15,True,31.2304,121.4737,2020-01-01 00:00:00,,True,SYSTEM,2020-01-01 00:00:00,SYSTEM,2020-01-01 00:00:00
134,134,PRIMARY,6623 Industrial Blvd,Suite 834,,Monterrey,NL,72739,MX,6,True,25.6866,-100.3161,2020-01-01 00:00:00,,True,SYSTEM,2020-01-01 00:00:00,SYSTEM,2020-01-01 00:00:00
135,135,PRIMARY,2202 Industrial Blvd,Suite 999,,Singapore,SG,82260,SG,20,True,1.3521,103.8198,2020-01-01 00:00:00,,True,SYSTEM,2020-01-01 00:00:00,SYSTEM,2020-01-01 00:00:00
136,136,PRIMARY,3794 Industrial Blvd,Suite 454,,Manchester,ENG,78012,GB,9,True,53.4808,-2.2426,2020-01-01 00:00:00,,True,SYSTEM,2020-01-01 00:00:00,SYSTEM,2020-01-01 00:00:00
137,137,PRIMARY,9796 Industrial Blvd,Suite 694,,Mexico City,CDMX,30210,MX,6,True,19.4326,-99.1332,2020-01-01 00:00:00,,True,SYSTEM,2020-01-01 00:00:00,SYSTEM,2020-01-01 00:00:00
138,138,PRIMARY,596 Industrial Blvd,Suite 609,,Lyon,ARA,92203,FR,10,True,45.764,4.8357,2020-01-01 00:00:00,,True,SYSTEM,2020-01-01 00:00:00,SYSTEM,2020-01-01 00:00:00
139,139,PRIMARY,2689 Industrial Blvd,Suite 550,,Mexico City,CDMX,64476,MX,6,True,19.4326,-99.1332,2020-01-01 00:00:00,,True,SYSTEM,2020-01-01 00:00:00,SYSTEM,2020-01-01 00:00:00
140,140,PRIMARY,6170 Industrial Blvd,Suite 627,,Tokyo,TK,83616,JP,16,True,35.6762,139.6503,2020-01-01 00:00:00,,True,SYSTEM,2020-01-01 00:00:00,SYSTEM,2020-01-01 00:00:00
141,141,PRIMARY,4854 Industrial Blvd,Suite 493,,Sao Paulo,SP,90658,BR,7,True,-23.5505,-46.6333,2020-01-01 00:00:00,,True,SYSTEM,2020-01-01 00:00:00,SYSTEM,2020-01-01 00:00:00
142,142,PRIMARY,5155 Industrial Blvd,Suite 609,,Bangalore,KA,13037,IN,18,True,12.9716,77.5946,2020-01-01 00:00:00,,True,SYSTEM,2020-01-01 00:00:00,SYSTEM,2020-01-01 00:00:00
143,143,PRIMARY,9889 Industrial Blvd,Suite 963,,Amsterdam,NH,95755,NL,13,True,52.3676,4.9041,2020-01-01 00:00:00,,True,SYSTEM,2020-01-01 00:00:00,SYSTEM,2020-01-01 00:00:00
144,144,PRIMARY,841 Industrial Blvd,Suite 510,,Osaka,OS,16705,JP,16,True,34.6937,135.5023,2020-01-01 00:00:00,,True,SYSTEM,2020-01-01 00:00:00,SYSTEM,2020-01-01 00:00:00
145,145,PRIMARY,1684 Industrial Blvd,Suite 503,,Sao Paulo,SP,58915,BR,7,True,-23.5505,-46.6333,2020-01-01 00:00:00,,True,SYSTEM,2020-01-01 00:00:00,SYSTEM,2020-01-01 00:00:00
146,146,PRIMARY,737 Industrial Blvd,Suite 240,,Toronto,ON,53652,CA,5,True,43.6532,-79.3832,2020-01-01 00:00:00,,True,SYSTEM,2020-01-01 00:00:00,SYSTEM,2020-01-01 00:00:00
147,147,PRIMARY,8411 Industrial Blvd,Suite 948,,Amsterdam,NH,76809,NL,13,True,52.3676,4.9041,2020-01-01 00:00:00,,True,SYSTEM,2020-01-01 00:00:00,SYSTEM,2020-01-01 00:00:00
148,148,PRIMARY,536 Industrial Blvd,Suite 711,,Seoul,SO,72205,KR,17,True,37.5665,126.978,2020-01-01 00:00:00,,True,SYSTEM,2020-01-01 00:00:00,SYSTEM,2020-01-01 00:00:00
149,149,PRIMARY,617 Industrial Blvd,Suite 686,,Munich,BY,24404,DE,8,True,48.1351,11.582,2020-01-01 00:00:00,,True,SYSTEM,2020-01-01 00:00:00,SYSTEM,2020-01-01 00:00:00
150,150,PRIMARY,1120 Industrial Blvd,Suite 822,,Seoul,SO,28098,KR,17,True,37.5665,126.978,2020-01-01 00:00:00,,True,SYSTEM,2020-01-01 00:00:00,SYSTEM,2020-01-01 00:00:00
151,151,PRIMARY,4431 Industrial Blvd,Suite 724,,Zurich,ZH,73462,CH,14,True,47.3769,8.5417,2020-01-01 00:00:00,,True,SYSTEM,2020-01-01 00:00:00,SYSTEM,2020-01-01 00:00:00
152,152,PRIMARY,7961 Industrial Blvd,Suite 457,,Sydney,NSW,83464,AU,19,True,-33.8688,151.2093,2020-01-01 00:00:00,,True,SYSTEM,2020-01-01 00:00:00,SYSTEM,2020-01-01 00:00:00
153,153,PRIMARY,1394 Industrial Blvd,Suite 454,,Vancouver,BC,67983,CA,5,True,49.2827,-123.1207,2020-01-01 00:00:00,,True,SYSTEM,2020-01-01 00:00:00,SYSTEM,2020-01-01 00:00:00
154,154,PRIMARY,1889 Industrial Blvd,Suite 730,,Barcelona,CT,86917,ES,12,True,41.3851,2.1734,2020-01-01 00:00:00,,True,SYSTEM,2020-01-01 00:00:00,SYSTEM,2020-01-01 00:00:00
155,155,PRIMARY,2352 Industrial Blvd,Suite 105,,Sydney,NSW,82135,AU,19,True,-33.8688,151.2093,2020-01-01 00:00:00,,True,SYSTEM,2020-01-01 00:00:00,SYSTEM,2020-01-01 00:00:00
156,156,PRIMARY,9506 Industrial Blvd,Suite 337,,Toronto,ON,80143,CA,5,True,43.6532,-79.3832,2020-01-01 00:00:00,,True,SYSTEM,2020-01-01 00:00:00,SYSTEM,2020-01-01 00:00:00
157,157,PRIMARY,251 Industrial Blvd,Suite 405,,Amsterdam,NH,84443,NL,13,True,52.3676,4.9041,2020-01-01 00:00:00,,True,SYSTEM,2020-01-01 00:00:00,SYSTEM,2020-01-01 00:00:00
158,158,PRIMARY,1945 Industrial Blvd,Suite 438,,Barcelona,CT,31298,ES,12,True,41.3851,2.1734,2020-01-01 00:00:00,,True,SYSTEM,2020-01-01 00:00:00,SYSTEM,2020-01-01 00:00:00
159,159,PRIMARY,7107 Industrial Blvd,Suite 627,,Manchester,ENG,52982,GB,9,True,53.4808,-2.2426,2020-01-01 00:00:00,,True,SYSTEM,2020-01-01 00:00:00,SYSTEM,2020-01-01 00:00:00
160,160,PRIMARY,3958 Industrial Blvd,Suite 557,,Barcelona,CT,44995,ES,12,True,41.3851,2.1734,2020-01-01 00:00:00,,True,SYSTEM,2020-01-01 00:00:00,SYSTEM,2020-01-01 00:00:00
161,161,PRIMARY,2716 Industrial Blvd,Suite 515,,Bangalore,KA,99925,IN,18,True,12.9716,77.5946,2020-01-01 00:00:00,,True,SYSTEM,2020-01-01 00:00:00,SYSTEM,2020-01-01 00:00:00
162,162,PRIMARY,7554 Industrial Blvd,Suite 865,,Sydney,NSW,89395,AU,19,True,-33.8688,151.2093,2020-01-01 00:00:00,,True,SYSTEM,2020-01-01 00:00:00,SYSTEM,2020-01-01 00:00:00
163,163,PRIMARY,1379 Industrial Blvd,Suite 677,,Singapore,SG,24707,SG,20,True,1.3521,103.8198,2020-01-01 00:00:00,,True,SYSTEM,2020-01-01 00:00:00,SYSTEM,2020-01-01 00:00:00
164,164,PRIMARY,1589 Industrial Blvd,Suite 622,,Lyon,ARA,68390,FR,10,True,45.764,4.8357,2020-01-01 00:00:00,,True,SYSTEM,2020-01-01 00:00:00,SYSTEM,2020-01-01 00:00:00
165,165,PRIMARY,6587 Industrial Blvd,Suite 360,,Amsterdam,NH,10395,NL,13,True,52.3676,4.9041,2020-01-01 00:00:00,,True,SYSTEM,2020-01-01 00:00:00,SYSTEM,2020-01-01 00:00:00
166,166,PRIMARY,619 Industrial Blvd,Suite 393,,Monterrey,NL,63591,MX,6,True,25.6866,-100.3161,2020-01-01 00:00:00,,True,SYSTEM,2020-01-01 00:00:00,SYSTEM,2020-01-01 00:00:00
167,167,PRIMARY,5797 Industrial Blvd,Suite 221,,Taipei,TPE,33392,TW,21,True,25.033,121.5654,2020-01-01 00:00:00,,True,SYSTEM,2020-01-01 00:00:00,SYSTEM,2020-01-01 00:00:00
168,168,PRIMARY,8815 Industrial Blvd,Suite 488,,Taipei,TPE,40102,TW,21,True,25.033,121.5654,2020-01-01 00:00:00,,True,SYSTEM,2020-01-01 00:00:00,SYSTEM,2020-01-01 00:00:00
169,169,PRIMARY,3476 Industrial Blvd,Suite 168,,Los Angeles,CA,23224,US,4,True,34.0522,-118.2437,2020-01-01 00:00:00,,True,SYSTEM,2020-01-01 00:00:00,SYSTEM,2020-01-01 00:00:00
170,170,PRIMARY,2395 Industrial Blvd,Suite 615,,Paris,IDF,47914,FR,10,True,48.8566,2.3522,2020-01-01 00:00:00,,True,SYSTEM,2020-01-01 00:00:00,SYSTEM,2020-01-01 00:00:00
171,171,PRIMARY,5023 Industrial Blvd,Suite 381,,Milan,LO,17989,IT,11,True,45.4642,9.19,2020-01-01 00:00:00,,True,SYSTEM,2020-01-01 00:00:00,SYSTEM,2020-01-01 00:00:00
172,172,PRIMARY,6921 Industrial Blvd,Suite 518,,Singapore,SG,29558,SG,20,True,1.3521,103.8198,2020-01-01 00:00:00,,True,SYSTEM,2020-01-01 00:00:00,SYSTEM,2020-01-01 00:00:00
173,173,PRIMARY,9314 Industrial Blvd,Suite 522,,Mumbai,MH,64592,IN,18,True,19.076,72.8777,2020-01-01 00:00:00,,True,SYSTEM,2020-01-01 00:00:00,SYSTEM,2020-01-01 00:00:00
174,174,PRIMARY,944 Industrial Blvd,Suite 374,,Mexico City,CDMX,59436,MX,6,True,19.4326,-99.1332,2020-01-01 00:00:00,,True,SYSTEM,2020-01-01 00:00:00,SYSTEM,2020-01-01 00:00:00
175,175,PRIMARY,2022 Industrial Blvd,Suite 864,,Paris,IDF,72773,FR,10,True,48.8566,2.3522,2020-01-01 00:00:00,,True,SYSTEM,2020-01-01 00:00:00,SYSTEM,2020-01-01 00:00:00
176,176,PRIMARY,5153 Industrial Blvd,Suite 367,,Bangalore,KA,57139,IN,18,True,12.9716,77.5946,2020-01-01 00:00:00,,True,SYSTEM,2020-01-01 00:00:00,SYSTEM,2020-01-01 00:00:00
177,177,PRIMARY,9316 Industrial Blvd,Suite 984,,Seoul,SO,39002,KR,17,True,37.5665,126.978,2020-01-01 00:00:00,,True,SYSTEM,2020-01-01 00:00:00,SYSTEM,2020-01-01 00:00:00
178,178,PRIMARY,8280 Industrial Blvd,Suite 663,,Tokyo,TK,95800,JP,16,True,35.6762,139.6503,2020-01-01 00:00:00,,True,SYSTEM,2020-01-01 00:00:00,SYSTEM,2020-01-01 00:00:00
179,179,PRIMARY,3115 Industrial Blvd,Suite 655,,Taipei,TPE,94123,TW,21,True,25.033,121.5654,2020-01-01 00:00:00,,True,SYSTEM,2020-01-01 00:00:00,SYSTEM,2020-01-01 00:00:00
180,180,PRIMARY,2574 Industrial Blvd,Suite 109,,Milan,LO,38668,IT,11,True,45.4642,9.19,2020-01-01 00:00:00,,True,SYSTEM,2020-01-01 00:00:00,SYSTEM,2020-01-01 00:00:00
181,181,PRIMARY,374 Industrial Blvd,Suite 642,,Seoul,SO,46010,KR,17,True,37.5665,126.978,2020-01-01 00:00:00,,True,SYSTEM,2020-01-01 00:00:00,SYSTEM,2020-01-01 00:00:00
182,182,PRIMARY,8725 Industrial Blvd,Suite 358,,Milan,LO,56457,IT,11,True,45.4642,9.19,2020-01-01 00:00:00,,True,SYSTEM,2020-01-01 00:00:00,SYSTEM,2020-01-01 00:00:00
183,183,PRIMARY,619 Industrial Blvd,Suite 195,,Amsterdam,NH,63120,NL,13,True,52.3676,4.9041,2020-01-01 00:00:00,,True,SYSTEM,2020-01-01 00:00:00,SYSTEM,2020-01-01 00:00:00
184,184,PRIMARY,9370 Industrial Blvd,Suite 978,,Seoul,SO,22499,KR,17,True,37.5665,126.978,2020-01-01 00:00:00,,True,SYSTEM,2020-01-01 00:00:00,SYSTEM,2020-01-01 00:00:00
185,185,PRIMARY,3038 Industrial Blvd,Suite 970,,Taipei,TPE,51220,TW,21,True,25.033,121.5654,2020-01-01 00:00:00,,True,SYSTEM,2020-01-01 00:00:00,SYSTEM,2020-01-01 00:00:00
186,186,PRIMARY,6388 Industrial Blvd,Suite 873,,Osaka,OS,28343,JP,16,True,34.6937,135.5023,2020-01-01 00:00:00,,True,SYSTEM,2020-01-01 00:00:00,SYSTEM,2020-01-01 00:00:00
187,187,PRIMARY,585 Industrial Blvd,Suite 749,,Osaka,OS,45825,JP,16,True,34.6937,135.5023,2020-01-01 00:00:00,,True,SYSTEM,2020-01-01 00:00:00,SYSTEM,2020-01-01 00:00:00
188,188,PRIMARY,4137 Industrial Blvd,Suite 830,,Monterrey,NL,19634,MX,6,True,25.6866,-100.3161,2020-01-01 00:00:00,,True,SYSTEM,2020-01-01 00:00:00,SYSTEM,2020-01-01 00:00:00
189,189,PRIMARY,185 Industrial Blvd,Suite 415,,Sao Paulo,SP,68292,BR,7,True,-23.5505,-46.6333,2020-01-01 00:00:00,,True,SYSTEM,2020-01-01 00:00:00,SYSTEM,2020-01-01 00:00:00
190,190,PRIMARY,1792 Industrial Blvd,Suite 126,,Taipei,TPE,21746,TW,21,True,25.033,121.5654,2020-01-01 00:00:00,,True,SYSTEM,2020-01-01 00:00:00,SYSTEM,2020-01-01 00:00:00
191,191,PRIMARY,9470 Industrial Blvd,Suite 633,,Mexico City,CDMX,32227,MX,6,True,19.4326,-99.1332,2020-01-01 00:00:00,,True,SYSTEM,2020-01-01 00:00:00,SYSTEM,2020-01-01 00:00:00
192,192,PRIMARY,4621 Industrial Blvd,Suite 531,,Manchester,ENG,49289,GB,9,True,53.4808,-2.2426,2020-01-01 00:00:00,,True,SYSTEM,2020-01-01 00:00:00,SYSTEM,2020-01-01 00:00:00
193,193,PRIMARY,2319 Industrial Blvd,Suite 411,,Mumbai,MH,10887,IN,18,True,19.076,72.8777,2020-01-01 00:00:00,,True,SYSTEM,2020-01-01 00:00:00,SYSTEM,2020-01-01 00:00:00
194,194,PRIMARY,9983 Industrial Blvd,Suite 811,,Amsterdam,NH,36326,NL,13,True,52.3676,4.9041,2020-01-01 00:00:00,,True,SYSTEM,2020-01-01 00:00:00,SYSTEM,2020-01-01 00:00:00
195,195,PRIMARY,4692 Industrial Blvd,Suite 936,,Zurich,ZH,61502,CH,14,True,47.3769,8.5417,2020-01-01 00:00:00,,True,SYSTEM,2020-01-01 00:00:00,SYSTEM,2020-01-01 00:00:00
196,196,PRIMARY,1233 Industrial Blvd,Suite 938,,Bangalore,KA,63627,IN,18,True,12.9716,77.5946,2020-01-01 00:00:00,,True,SYSTEM,2020-01-01 00:00:00,SYSTEM,2020-01-01 00:00:00
197,197,PRIMARY,7457 Industrial Blvd,Suite 712,,Tokyo,TK,72814,JP,16,True,35.6762,139.6503,2020-01-01 00:00:00,,True,SYSTEM,2020-01-01 00:00:00,SYSTEM,2020-01-01 00:00:00
198,198,PRIMARY,5916 Industrial Blvd,Suite 270,,Sao Paulo,SP,94803,BR,7,True,-23.5505,-46.6333,2020-01-01 00:00:00,,True,SYSTEM,2020-01-01 00:00:00,SYSTEM,2020-01-01 00:00:00
199,199,PRIMARY,7403 Industrial Blvd,Suite 483,,Milan,LO,61266,IT,11,True,45.4642,9.19,2020-01-01 00:00:00,,True,SYSTEM,2020-01-01 00:00:00,SYSTEM,2020-01-01 00:00:00
200,200,PRIMARY,2421 Industrial Blvd,Suite 456,,Mexico City,CDMX,50880,MX,6,True,19.4326,-99.1332,2020-01-01 00:00:00,,True,SYSTEM,2020-01-01 00:00:00,SYSTEM,2020-01-01 00:00:00
