PERSON_ID,PARTY_ID,FIRST_NAME,LAST_NAME,EMAIL,PHONE,VALID_FROM_TIMESTAMP,VALID_TO_TIMESTAMP,IS_CURRENT_FLAG,CREATED_BY_USER,CREATED_TIMESTAMP,UPDATED_BY_USER,UPDATED_TIMESTAMP
1,1,John,Johnson,contact1@supplier.com,+1-555-315-4323,2020-01-01 00:00:00,,True,SYSTEM,2020-01-01 00:00:00,SYSTEM,2020-01-01 00:00:00
2,2,Lisa,Williams,contact2@supplier.com,+1-555-746-2232,2020-01-01 00:00:00,,True,SYSTEM,2020-01-01 00:00:00,SYSTEM,2020-01-01 00:00:00
3,3,Lisa,Johnson,contact3@supplier.com,+1-555-887-8282,2020-01-01 00:00:00,,True,SYSTEM,2020-01-01 00:00:00,SYSTEM,2020-01-01 00:00:00
4,4,David,Miller,contact4@supplier.com,+1-555-102-6528,2020-01-01 00:00:00,,True,SYSTEM,2020-01-01 00:00:00,SYSTEM,2020-01-01 00:00:00
5,5,Lisa,Kim,contact5@supplier.com,+1-555-747-4762,2020-01-01 00:00:00,,True,SYSTEM,2020-01-01 00:00:00,SYSTEM,2020-01-01 00:00:00
6,6,Lisa,Jones,contact6@supplier.com,+1-555-168-5119,2020-01-01 00:00:00,,True,SYSTEM,2020-01-01 00:00:00,SYSTEM,2020-01-01 00:00:00
7,7,Robert,Miller,contact7@supplier.com,+1-555-408-7624,2020-01-01 00:00:00,,True,SYSTEM,2020-01-01 00:00:00,SYSTEM,2020-01-01 00:00:00
8,8,Jane,Garcia,contact8@supplier.com,+1-555-209-5667,2020-01-01 00:00:00,,True,SYSTEM,2020-01-01 00:00:00,SYSTEM,2020-01-01 00:00:00
9,9,Wei,Smith,contact9@supplier.com,+1-555-252-3219,2020-01-01 00:00:00,,True,SYSTEM,2020-01-01 00:00:00,SYSTEM,2020-01-01 00:00:00
10,10,Wei,Jones,contact10@supplier.com,+1-555-873-1229,2020-01-01 00:00:00,,True,SYSTEM,2020-01-01 00:00:00,SYSTEM,2020-01-01 00:00:00
11,11,Emily,Miller,contact11@supplier.com,+1-555-803-6644,2020-01-01 00:00:00,,True,SYSTEM,2020-01-01 00:00:00,SYSTEM,2020-01-01 00:00:00
12,12,David,Smith,contact12@supplier.com,+1-555-642-2049,2020-01-01 00:00:00,,True,SYSTEM,2020-01-01 00:00:00,SYSTEM,2020-01-01 00:00:00
13,13,Sarah,Brown,contact13@supplier.com,+1-555-832-5592,2020-01-01 00:00:00,,True,SYSTEM,2020-01-01 00:00:00,SYSTEM,2020-01-01 00:00:00
14,14,Robert,Miller,contact14@supplier.com,+1-555-171-9219,2020-01-01 00:00:00,,True,SYSTEM,2020-01-01 00:00:00,SYSTEM,2020-01-01 00:00:00
15,15,David,Brown,contact15@supplier.com,+1-555-736-7069,2020-01-01 00:00:00,,True,SYSTEM,2020-01-01 00:00:00,SYSTEM,2020-01-01 00:00:00
16,16,Wei,Jones,contact16@supplier.com,+1-555-370-3972,2020-01-01 00:00:00,,True,SYSTEM,2020-01-01 00:00:00,SYSTEM,2020-01-01 00:00:00
17,17,Robert,Miller,contact17@supplier.com,+1-555-327-7843,2020-01-01 00:00:00,,True,SYSTEM,2020-01-01 00:00:00,SYSTEM,2020-01-01 00:00:00
18,18,Yuki,Jones,contact18@supplier.com,+1-555-761-8195,2020-01-01 00:00:00,,True,SYSTEM,2020-01-01 00:00:00,SYSTEM,2020-01-01 00:00:00
19,19,Sarah,Garcia,contact19@supplier.com,+1-555-966-4668,2020-01-01 00:00:00,,True,SYSTEM,2020-01-01 00:00:00,SYSTEM,2020-01-01 00:00:00
20,20,Michael,Miller,contact20@supplier.com,+1-555-510-1492,2020-01-01 00:00:00,,True,SYSTEM,2020-01-01 00:00:00,SYSTEM,2020-01-01 00:00:00
21,21,Michael,Smith,contact21@supplier.com,+1-555-356-1204,2020-01-01 00:00:00,,True,SYSTEM,2020-01-01 00:00:00,SYSTEM,2020-01-01 00:00:00
22,22,Robert,Kim,contact22@supplier.com,+1-555-888-8925,2020-01-01 00:00:00,,True,SYSTEM,2020-01-01 00:00:00,SYSTEM,2020-01-01 00:00:00
23,23,Emily,Tanaka,contact23@supplier.com,+1-555-723-1470,2020-01-01 00:00:00,,True,SYSTEM,2020-01-01 00:00:00,SYSTEM,2020-01-01 00:00:00
24,24,Jane,Garcia,contact24@supplier.com,+1-555-942-5993,2020-01-01 00:00:00,,True,SYSTEM,2020-01-01 00:00:00,SYSTEM,2020-01-01 00:00:00
25,25,Sarah,Brown,contact25@supplier.com,+1-555-583-4433,2020-01-01 00:00:00,,True,SYSTEM,2020-01-01 00:00:00,SYSTEM,2020-01-01 00:00:00
26,26,John,Williams,contact26@supplier.com,+1-555-694-3068,2020-01-01 00:00:00,,True,SYSTEM,2020-01-01 00:00:00,SYSTEM,2020-01-01 00:00:00
27,27,Michael,Brown,contact27@supplier.com,+1-555-185-7861,2020-01-01 00:00:00,,True,SYSTEM,2020-01-01 00:00:00,SYSTEM,2020-01-01 00:00:00
28,28,Yuki,Johnson,contact28@supplier.com,+1-555-243-9937,2020-01-01 00:00:00,,True,SYSTEM,2020-01-01 00:00:00,SYSTEM,2020-01-01 00:00:00
29,29,Sarah,Johnson,contact29@supplier.com,+1-555-340-6587,2020-01-01 00:00:00,,True,SYSTEM,2020-01-01 00:00:00,SYSTEM,2020-01-01 00:00:00
30,30,Wei,Brown,contact30@supplier.com,+1-555-190-2291,2020-01-01 00:00:00,,True,SYSTEM,2020-01-01 00:00:00,SYSTEM,2020-01-01 00:00:00
31,31,Yuki,Miller,contact31@supplier.com,+1-555-493-2101,2020-01-01 00:00:00,,True,SYSTEM,2020-01-01 00:00:00,SYSTEM,2020-01-01 00:00:00
32,32,Sarah,Johnson,contact32@supplier.com,+1-555-515-5300,2020-01-01 00:00:00,,True,SYSTEM,2020-01-01 00:00:00,SYSTEM,2020-01-01 00:00:00
33,33,Sarah,Jones,contact33@supplier.com,+1-555-157-9955,2020-01-01 00:00:00,,True,SYSTEM,2020-01-01 00:00:00,SYSTEM,2020-01-01 00:00:00
34,34,Lisa,Jones,contact34@supplier.com,+1-555-797-8399,2020-01-01 00:00:00,,True,SYSTEM,2020-01-01 00:00:00,SYSTEM,2020-01-01 00:00:00
35,35,Wei,Brown,contact35@supplier.com,+1-555-520-2234,2020-01-01 00:00:00,,True,SYSTEM,2020-01-01 00:00:00,SYSTEM,2020-01-01 00:00:00
36,36,David,Brown,contact36@supplier.com,+1-555-558-7170,2020-01-01 00:00:00,,True,SYSTEM,2020-01-01 00:00:00,SYSTEM,2020-01-01 00:00:00
37,37,David,Smith,contact37@supplier.com,+1-555-856-9279,2020-01-01 00:00:00,,True,SYSTEM,2020-01-01 00:00:00,SYSTEM,2020-01-01 00:00:00
38,38,David,Smith,contact38@supplier.com,+1-555-663-4871,2020-01-01 00:00:00,,True,SYSTEM,2020-01-01 00:00:00,SYSTEM,2020-01-01 00:00:00
39,39,Michael,Brown,contact39@supplier.com,+1-555-927-9981,2020-01-01 00:00:00,,True,SYSTEM,2020-01-01 00:00:00,SYSTEM,2020-01-01 00:00:00
40,40,Yuki,Kim,contact40@supplier.com,+1-555-370-3817,2020-01-01 00:00:00,,True,SYSTEM,2020-01-01 00:00:00,SYSTEM,2020-01-01 00:00:00
41,41,Jane,Garcia,contact41@supplier.com,+1-555-437-9070,2020-01-01 00:00:00,,True,SYSTEM,2020-01-01 00:00:00,SYSTEM,2020-01-01 00:00:00
42,42,John,Brown,contact42@supplier.com,+1-555-790-9178,2020-01-01 00:00:00,,True,SYSTEM,2020-01-01 00:00:00,SYSTEM,2020-01-01 00:00:00
43,43,Lisa,Smith,contact43@supplier.com,+1-555-958-4742,2020-01-01 00:00:00,,True,SYSTEM,2020-01-01 00:00:00,SYSTEM,2020-01-01 00:00:00
44,44,Michael,Kim,contact44@supplier.com,+1-555-912-8874,2020-01-01 00:00:00,,True,SYSTEM,2020-01-01 00:00:00,SYSTEM,2020-01-01 00:00:00
45,45,John,Jones,contact45@supplier.com,+1-555-500-7304,2020-01-01 00:00:00,,True,SYSTEM,2020-01-01 00:00:00,SYSTEM,2020-01-01 00:00:00
46,46,Sarah,Brown,contact46@supplier.com,+1-555-147-5165,2020-01-01 00:00:00,,True,SYSTEM,2020-01-01 00:00:00,SYSTEM,2020-01-01 00:00:00
47,47,Emily,Miller,contact47@supplier.com,+1-555-180-8187,2020-01-01 00:00:00,,True,SYSTEM,2020-01-01 00:00:00,SYSTEM,2020-01-01 00:00:00
48,48,Michael,Jones,contact48@supplier.com,+1-555-329-2889,2020-01-01 00:00:00,,True,SYSTEM,2020-01-01 00:00:00,SYSTEM,2020-01-01 00:00:00
49,49,Jane,Garcia,contact49@supplier.com,+1-555-575-6571,2020-01-01 00:00:00,,True,SYSTEM,2020-01-01 00:00:00,SYSTEM,2020-01-01 00:00:00
50,50,John,Tanaka,contact50@supplier.com,+1-555-117-5883,2020-01-01 00:00:00,,True,SYSTEM,2020-01-01 00:00:00,SYSTEM,2020-01-01 00:00:00
51,51,John,Johnson,contact51@supplier.com,+1-555-442-2147,2020-01-01 00:00:00,,True,SYSTEM,2020-01-01 00:00:00,SYSTEM,2020-01-01 00:00:00
52,52,Michael,Kim,contact52@supplier.com,+1-555-996-2955,2020-01-01 00:00:00,,True,SYSTEM,2020-01-01 00:00:00,SYSTEM,2020-01-01 00:00:00
53,53,Wei,Jones,contact53@supplier.com,+1-555-129-3134,2020-01-01 00:00:00,,True,SYSTEM,2020-01-01 00:00:00,SYSTEM,2020-01-01 00:00:00
54,54,Wei,Tanaka,contact54@supplier.com,+1-555-180-6300,2020-01-01 00:00:00,,True,SYSTEM,2020-01-01 00:00:00,SYSTEM,2020-01-01 00:00:00
55,55,Jane,Garcia,contact55@supplier.com,+1-555-160-6072,2020-01-01 00:00:00,,True,SYSTEM,2020-01-01 00:00:00,SYSTEM,2020-01-01 00:00:00
56,56,Yuki,Kim,contact56@supplier.com,+1-555-578-7457,2020-01-01 00:00:00,,True,SYSTEM,2020-01-01 00:00:00,SYSTEM,2020-01-01 00:00:00
57,57,Lisa,Miller,contact57@supplier.com,+1-555-737-4253,2020-01-01 00:00:00,,True,SYSTEM,2020-01-01 00:00:00,SYSTEM,2020-01-01 00:00:00
58,58,Jane,Smith,contact58@supplier.com,+1-555-795-8668,2020-01-01 00:00:00,,True,SYSTEM,2020-01-01 00:00:00,SYSTEM,2020-01-01 00:00:00
59,59,Emily,Johnson,contact59@supplier.com,+1-555-202-7185,2020-01-01 00:00:00,,True,SYSTEM,2020-01-01 00:00:00,SYSTEM,2020-01-01 00:00:00
60,60,John,Miller,contact60@supplier.com,+1-555-306-1205,2020-01-01 00:00:00,,True,SYSTEM,2020-01-01 00:00:00,SYSTEM,2020-01-01 00:00:00
61,61,Sarah,Garcia,contact61@supplier.com,+1-555-664-6388,2020-01-01 00:00:00,,True,SYSTEM,2020-01-01 00:00:00,SYSTEM,2020-01-01 00:00:00
62,62,John,Brown,contact62@supplier.com,+1-555-602-1114,2020-01-01 00:00:00,,True,SYSTEM,2020-01-01 00:00:00,SYSTEM,2020-01-01 00:00:00
63,63,John,Johnson,contact63@supplier.com,+1-555-594-6843,2020-01-01 00:00:00,,True,SYSTEM,2020-01-01 00:00:00,SYSTEM,2020-01-01 00:00:00
64,64,Michael,Brown,contact64@supplier.com,+1-555-373-5273,2020-01-01 00:00:00,,True,SYSTEM,2020-01-01 00:00:00,SYSTEM,2020-01-01 00:00:00
65,65,Jane,Tanaka,contact65@supplier.com,+1-555-834-5795,2020-01-01 00:00:00,,True,SYSTEM,2020-01-01 00:00:00,SYSTEM,2020-01-01 00:00:00
66,66,John,Jones,contact66@supplier.com,+1-555-336-2303,2020-01-01 00:00:00,,True,SYSTEM,2020-01-01 00:00:00,SYSTEM,2020-01-01 00:00:00
67,67,John,Brown,contact67@supplier.com,+1-555-875-4502,2020-01-01 00:00:00,,True,SYSTEM,2020-01-01 00:00:00,SYSTEM,2020-01-01 00:00:00
68,68,Emily,Garcia,contact68@supplier.com,+1-555-227-2462,2020-01-01 00:00:00,,True,SYSTEM,2020-01-01 00:00:00,SYSTEM,2020-01-01 00:00:00
69,69,Robert,Williams,contact69@supplier.com,+1-555-925-6949,2020-01-01 00:00:00,,True,SYSTEM,2020-01-01 00:00:00,SYSTEM,2020-01-01 00:00:00
70,70,Yuki,Jones,contact70@supplier.com,+1-555-236-8429,2020-01-01 00:00:00,,True,SYSTEM,2020-01-01 00:00:00,SYSTEM,2020-01-01 00:00:00
71,71,Jane,Brown,contact71@supplier.com,+1-555-320-4948,2020-01-01 00:00:00,,True,SYSTEM,2020-01-01 00:00:00,SYSTEM,2020-01-01 00:00:00
72,72,John,Tanaka,contact72@supplier.com,+1-555-964-2541,2020-01-01 00:00:00,,True,SYSTEM,2020-01-01 00:00:00,SYSTEM,2020-01-01 00:00:00
73,73,Jane,Garcia,contact73@supplier.com,+1-555-164-1701,2020-01-01 00:00:00,,True,SYSTEM,2020-01-01 00:00:00,SYSTEM,2020-01-01 00:00:00
74,74,Robert,Miller,contact74@supplier.com,+1-555-919-1926,2020-01-01 00:00:00,,True,SYSTEM,2020-01-01 00:00:00,SYSTEM,2020-01-01 00:00:00
75,75,Yuki,Brown,contact75@supplier.com,+1-555-876-6603,2020-01-01 00:00:00,,True,SYSTEM,2020-01-01 00:00:00,SYSTEM,2020-01-01 00:00:00
76,76,Emily,Kim,contact76@supplier.com,+1-555-252-6253,2020-01-01 00:00:00,,True,SYSTEM,2020-01-01 00:00:00,SYSTEM,2020-01-01 00:00:00
77,77,Jane,Jones,contact77@supplier.com,+1-555-387-3534,2020-01-01 00:00:00,,True,SYSTEM,2020-01-01 00:00:00,SYSTEM,2020-01-01 00:00:00
78,78,David,Jones,contact78@supplier.com,+1-555-374-9910,2020-01-01 00:00:00,,True,SYSTEM,2020-01-01 00:00:00,SYSTEM,2020-01-01 00:00:00
79,79,Emily,Kim,contact79@supplier.com,+1-555-762-2870,2020-01-01 00:00:00,,True,SYSTEM,2020-01-01 00:00:00,SYSTEM,2020-01-01 00:00:00
80,80,Sarah,Jones,contact80@supplier.com,+1-555-489-4060,2020-01-01 00:00:00,,True,SYSTEM,2020-01-01 00:00:00,SYSTEM,2020-01-01 00:00:00
81,81,Wei,Tanaka,contact81@supplier.com,+1-555-966-2361,2020-01-01 00:00:00,,True,SYSTEM,2020-01-01 00:00:00,SYSTEM,2020-01-01 00:00:00
82,82,Lisa,Williams,contact82@supplier.com,+1-555-131-9920,2020-01-01 00:00:00,,True,SYSTEM,2020-01-01 00:00:00,SYSTEM,2020-01-01 00:00:00
83,83,John,Chen,contact83@supplier.com,+1-555-557-5788,2020-01-01 00:00:00,,True,SYSTEM,2020-01-01 00:00:00,SYSTEM,2020-01-01 00:00:00
84,84,Robert,Tanaka,contact84@supplier.com,+1-555-795-8068,2020-01-01 00:00:00,,True,SYSTEM,2020-01-01 00:00:00,SYSTEM,2020-01-01 00:00:00
85,85,Yuki,Johnson,contact85@supplier.com,+1-555-958-6009,2020-01-01 00:00:00,,True,SYSTEM,2020-01-01 00:00:00,SYSTEM,2020-01-01 00:00:00
86,86,Robert,Tanaka,contact86@supplier.com,+1-555-837-9024,2020-01-01 00:00:00,,True,SYSTEM,2020-01-01 00:00:00,SYSTEM,2020-01-01 00:00:00
87,87,Robert,Smith,contact87@supplier.com,+1-555-556-9052,2020-01-01 00:00:00,,True,SYSTEM,2020-01-01 00:00:00,SYSTEM,2020-01-01 00:00:00
88,88,Lisa,Williams,contact88@supplier.com,+1-555-329-1062,2020-01-01 00:00:00,,True,SYSTEM,2020-01-01 00:00:00,SYSTEM,2020-01-01 00:00:00
89,89,Yuki,Miller,contact89@supplier.com,+1-555-511-8740,2020-01-01 00:00:00,,True,SYSTEM,2020-01-01 00:00:00,SYSTEM,2020-01-01 00:00:00
90,90,Emily,Johnson,contact90@supplier.com,+1-555-497-6195,2020-01-01 00:00:00,,True,SYSTEM,2020-01-01 00:00:00,SYSTEM,2020-01-01 00:00:00
91,91,Wei,Smith,contact91@supplier.com,+1-555-424-4647,2020-01-01 00:00:00,,True,SYSTEM,2020-01-01 00:00:00,SYSTEM,2020-01-01 00:00:00
92,92,David,Smith,contact92@supplier.com,+1-555-745-7089,2020-01-01 00:00:00,,True,SYSTEM,2020-01-01 00:00:00,SYSTEM,2020-01-01 00:00:00
93,93,Jane,Chen,contact93@supplier.com,+1-555-267-3301,2020-01-01 00:00:00,,True,SYSTEM,2020-01-01 00:00:00,SYSTEM,2020-01-01 00:00:00
94,94,Wei,Brown,contact94@supplier.com,+1-555-150-8735,2020-01-01 00:00:00,,True,SYSTEM,2020-01-01 00:00:00,SYSTEM,2020-01-01 00:00:00
95,95,Sarah,Johnson,contact95@supplier.com,+1-555-833-2845,2020-01-01 00:00:00,,True,SYSTEM,2020-01-01 00:00:00,SYSTEM,2020-01-01 00:00:00
96,96,Emily,Miller,contact96@supplier.com,+1-555-560-4740,2020-01-01 00:00:00,,True,SYSTEM,2020-01-01 00:00:00,SYSTEM,2020-01-01 00:00:00
97,97,Michael,Williams,contact97@supplier.com,+1-555-147-6201,2020-01-01 00:00:00,,True,SYSTEM,2020-01-01 00:00:00,SYSTEM,2020-01-01 00:00:00
98,98,Jane,Smith,contact98@supplier.com,+1-555-134-6686,2020-01-01 00:00:00,,True,SYSTEM,2020-01-01 00:00:00,SYSTEM,2020-01-01 00:00:00
99,99,Michael,Kim,contact99@supplier.com,+1-555-456-4321,2020-01-01 00:00:00,,True,SYSTEM,2020-01-01 00:00:00,SYSTEM,2020-01-01 00:00:00
100,100,Yuki,Chen,contact100@supplier.com,+1-555-872-2977,2020-01-01 00:00:00,,True,SYSTEM,2020-01-01 00:00:00,SYSTEM,2020-01-01 00:00:00
101,101,Lisa,Kim,contact101@supplier.com,+1-555-101-2229,2020-01-01 00:00:00,,True,SYSTEM,2020-01-01 00:00:00,SYSTEM,2020-01-01 00:00:00
102,102,Robert,Smith,contact102@supplier.com,+1-555-403-9818,2020-01-01 00:00:00,,True,SYSTEM,2020-01-01 00:00:00,SYSTEM,2020-01-01 00:00:00
103,103,Wei,Chen,contact103@supplier.com,+1-555-242-2979,2020-01-01 00:00:00,,True,SYSTEM,2020-01-01 00:00:00,SYSTEM,2020-01-01 00:00:00
104,104,Robert,Chen,contact104@supplier.com,+1-555-840-9251,2020-01-01 00:00:00,,True,SYSTEM,2020-01-01 00:00:00,SYSTEM,2020-01-01 00:00:00
105,105,Jane,Williams,contact105@supplier.com,+1-555-902-2318,2020-01-01 00:00:00,,True,SYSTEM,2020-01-01 00:00:00,SYSTEM,2020-01-01 00:00:00
106,106,Jane,Smith,contact106@supplier.com,+1-555-548-2602,2020-01-01 00:00:00,,True,SYSTEM,2020-01-01 00:00:00,SYSTEM,2020-01-01 00:00:00
107,107,Sarah,Garcia,contact107@supplier.com,+1-555-189-1320,2020-01-01 00:00:00,,True,SYSTEM,2020-01-01 00:00:00,SYSTEM,2020-01-01 00:00:00
108,108,Jane,Johnson,contact108@supplier.com,+1-555-620-2916,2020-01-01 00:00:00,,True,SYSTEM,2020-01-01 00:00:00,SYSTEM,2020-01-01 00:00:00
109,109,Emily,Miller,contact109@supplier.com,+1-555-254-7979,2020-01-01 00:00:00,,True,SYSTEM,2020-01-01 00:00:00,SYSTEM,2020-01-01 00:00:00
110,110,Robert,Smith,contact110@supplier.com,+1-555-304-6366,2020-01-01 00:00:00,,True,SYSTEM,2020-01-01 00:00:00,SYSTEM,2020-01-01 00:00:00
111,111,Sarah,Tanaka,contact111@supplier.com,+1-555-132-4653,2020-01-01 00:00:00,,True,SYSTEM,2020-01-01 00:00:00,SYSTEM,2020-01-01 00:00:00
112,112,Emily,Tanaka,contact112@supplier.com,+1-555-776-1948,2020-01-01 00:00:00,,True,SYSTEM,2020-01-01 00:00:00,SYSTEM,2020-01-01 00:00:00
113,113,Sarah,Miller,contact113@supplier.com,+1-555-430-4582,2020-01-01 00:00:00,,True,SYSTEM,2020-01-01 00:00:00,SYSTEM,2020-01-01 00:00:00
114,114,John,Smith,contact114@supplier.com,+1-555-543-1927,2020-01-01 00:00:00,,True,SYSTEM,2020-01-01 00:00:00,SYSTEM,2020-01-01 00:00:00
115,115,Lisa,Kim,contact115@supplier.com,+1-555-398-4859,2020-01-01 00:00:00,,True,SYSTEM,2020-01-01 00:00:00,SYSTEM,2020-01-01 00:00:00
116,116,Robert,Smith,contact116@supplier.com,+1-555-610-8720,2020-01-01 00:00:00,,True,SYSTEM,2020-01-01 00:00:00,SYSTEM,2020-01-01 00:00:00
117,117,Yuki,Johnson,contact117@supplier.com,+1-555-926-7281,2020-01-01 00:00:00,,True,SYSTEM,2020-01-01 00:00:00,SYSTEM,2020-01-01 00:00:00
118,118,Emily,Kim,contact118@supplier.com,+1-555-388-2578,2020-01-01 00:00:00,,True,SYSTEM,2020-01-01 00:00:00,SYSTEM,2020-01-01 00:00:00
119,119,John,Jones,contact119@supplier.com,+1-555-741-9068,2020-01-01 00:00:00,,True,SYSTEM,2020-01-01 00:00:00,SYSTEM,2020-01-01 00:00:00
120,120,Wei,Chen,contact120@supplier.com,+1-555-696-8039,2020-01-01 00:00:00,,True,SYSTEM,2020-01-01 00:00:00,SYSTEM,2020-01-01 00:00:00
121,121,Jane,Jones,contact121@supplier.com,+1-555-154-3940,2020-01-01 00:00:00,,True,SYSTEM,2020-01-01 00:00:00,SYSTEM,2020-01-01 00:00:00
122,122,Jane,Williams,contact122@supplier.com,+1-555-817-2470,2020-01-01 00:00:00,,True,SYSTEM,2020-01-01 00:00:00,SYSTEM,2020-01-01 00:00:00
123,123,Sarah,Tanaka,contact123@supplier.com,+1-555-837-9908,2020-01-01 00:00:00,,True,SYSTEM,2020-01-01 00:00:00,SYSTEM,2020-01-01 00:00:00
124,124,Michael,Jones,contact124@supplier.com,+1-555-751-6915,2020-01-01 00:00:00,,True,SYSTEM,2020-01-01 00:00:00,SYSTEM,2020-01-01 00:00:00
125,125,Lisa,Garcia,contact125@supplier.com,+1-555-860-3999,2020-01-01 00:00:00,,True,SYSTEM,2020-01-01 00:00:00,SYSTEM,2020-01-01 00:00:00
126,126,Jane,Johnson,contact126@supplier.com,+1-555-333-5975,2020-01-01 00:00:00,,True,SYSTEM,2020-01-01 00:00:00,SYSTEM,2020-01-01 00:00:00
127,127,Sarah,Tanaka,contact127@supplier.com,+1-555-710-2234,2020-01-01 00:00:00,,True,SYSTEM,2020-01-01 00:00:00,SYSTEM,2020-01-01 00:00:00
128,128,Emily,Jones,contact128@supplier.com,+1-555-931-3510,2020-01-01 00:00:00,,True,SYSTEM,2020-01-01 00:00:00,SYSTEM,2020-01-01 00:00:00
129,129,Michael,Tanaka,contact129@supplier.com,+1-555-911-9967,2020-01-01 00:00:00,,True,SYSTEM,2020-01-01 00:00:00,SYSTEM,2020-01-01 00:00:00
130,130,Yuki,Smith,contact130@supplier.com,+1-555-642-2394,2020-01-01 00:00:00,,True,SYSTEM,2020-01-01 00:00:00,SYSTEM,2020-01-01 00:00:00
131,131,John,Kim,contact131@supplier.com,+1-555-386-5245,2020-01-01 00:00:00,,True,SYSTEM,2020-01-01 00:00:00,SYSTEM,2020-01-01 00:00:00
132,132,Lisa,Johnson,contact132@supplier.com,+1-555-104-7568,2020-01-01 00:00:00,,True,SYSTEM,2020-01-01 00:00:00,SYSTEM,2020-01-01 00:00:00
133,133,Lisa,Johnson,contact133@supplier.com,+1-555-510-4817,2020-01-01 00:00:00,,True,SYSTEM,2020-01-01 00:00:00,SYSTEM,2020-01-01 00:00:00
134,134,Emily,Jones,contact134@supplier.com,+1-555-538-3218,2020-01-01 00:00:00,,True,SYSTEM,2020-01-01 00:00:00,SYSTEM,2020-01-01 00:00:00
135,135,Wei,Kim,contact135@supplier.com,+1-555-141-6114,2020-01-01 00:00:00,,True,SYSTEM,2020-01-01 00:00:00,SYSTEM,2020-01-01 00:00:00
136,136,Sarah,Johnson,contact136@supplier.com,+1-555-388-9010,2020-01-01 00:00:00,,True,SYSTEM,2020-01-01 00:00:00,SYSTEM,2020-01-01 00:00:00
137,137,Wei,Williams,contact137@supplier.com,+1-555-815-2581,2020-01-01 00:00:00,,True,SYSTEM,2020-01-01 00:00:00,SYSTEM,2020-01-01 00:00:00
138,138,John,Chen,contact138@supplier.com,+1-555-456-9224,2020-01-01 00:00:00,,True,SYSTEM,2020-01-01 00:00:00,SYSTEM,2020-01-01 00:00:00
139,139,Sarah,Tanaka,contact139@supplier.com,+1-555-894-9870,2020-01-01 00:00:00,,True,SYSTEM,2020-01-01 00:00:00,SYSTEM,2020-01-01 00:00:00
140,140,Yuki,Tanaka,contact140@supplier.com,+1-555-383-4742,2020-01-01 00:00:00,,True,SYSTEM,2020-01-01 00:00:00,SYSTEM,2020-01-01 00:00:00
141,141,Lisa,Chen,contact141@supplier.com,+1-555-712-8444,2020-01-01 00:00:00,,True,SYSTEM,2020-01-01 00:00:00,SYSTEM,2020-01-01 00:00:00
142,142,Sarah,Tanaka,contact142@supplier.com,+1-555-542-4837,2020-01-01 00:00:00,,True,SYSTEM,2020-01-01 00:00:00,SYSTEM,2020-01-01 00:00:00
143,143,Michael,Tanaka,contact143@supplier.com,+1-555-178-9667,2020-01-01 00:00:00,,True,SYSTEM,2020-01-01 00:00:00,SYSTEM,2020-01-01 00:00:00
144,144,Sarah,Brown,contact144@supplier.com,+1-555-110-6501,2020-01-01 00:00:00,,True,SYSTEM,2020-01-01 00:00:00,SYSTEM,2020-01-01 00:00:00
145,145,Robert,Brown,contact145@supplier.com,+1-555-564-9041,2020-01-01 00:00:00,,True,SYSTEM,2020-01-01 00:00:00,SYSTEM,2020-01-01 00:00:00
146,146,Wei,Smith,contact146@supplier.com,+1-555-763-5529,2020-01-01 00:00:00,,True,SYSTEM,2020-01-01 00:00:00,SYSTEM,2020-01-01 00:00:00
147,147,David,Brown,contact147@supplier.com,+1-555-611-8397,2020-01-01 00:00:00,,True,SYSTEM,2020-01-01 00:00:00,SYSTEM,2020-01-01 00:00:00
148,148,Wei,Smith,contact148@supplier.com,+1-555-477-5597,2020-01-01 00:00:00,,True,SYSTEM,2020-01-01 00:00:00,SYSTEM,2020-01-01 00:00:00
149,149,Emily,Smith,contact149@supplier.com,+1-555-776-2547,2020-01-01 00:00:00,,True,SYSTEM,2020-01-01 00:00:00,SYSTEM,2020-01-01 00:00:00
150,150,Michael,Williams,contact150@supplier.com,+1-555-964-2878,2020-01-01 00:00:00,,True,SYSTEM,2020-01-01 00:00:00,SYSTEM,2020-01-01 00:00:00
151,151,Lisa,Tanaka,contact151@supplier.com,+1-555-351-6330,2020-01-01 00:00:00,,True,SYSTEM,2020-01-01 00:00:00,SYSTEM,2020-01-01 00:00:00
152,152,Michael,Jones,contact152@supplier.com,+1-555-317-2453,2020-01-01 00:00:00,,True,SYSTEM,2020-01-01 00:00:00,SYSTEM,2020-01-01 00:00:00
153,153,Emily,Smith,contact153@supplier.com,+1-555-730-4420,2020-01-01 00:00:00,,True,SYSTEM,2020-01-01 00:00:00,SYSTEM,2020-01-01 00:00:00
154,154,Jane,Johnson,contact154@supplier.com,+1-555-659-7316,2020-01-01 00:00:00,,True,SYSTEM,2020-01-01 00:00:00,SYSTEM,2020-01-01 00:00:00
155,155,Sarah,Miller,contact155@supplier.com,+1-555-738-6524,2020-01-01 00:00:00,,True,SYSTEM,2020-01-01 00:00:00,SYSTEM,2020-01-01 00:00:00
156,156,John,Miller,contact156@supplier.com,+1-555-422-3631,2020-01-01 00:00:00,,True,SYSTEM,2020-01-01 00:00:00,SYSTEM,2020-01-01 00:00:00
157,157,Jane,Smith,contact157@supplier.com,+1-555-317-1793,2020-01-01 00:00:00,,True,SYSTEM,2020-01-01 00:00:00,SYSTEM,2020-01-01 00:00:00
158,158,John,Miller,contact158@supplier.com,+1-555-987-5952,2020-01-01 00:00:00,,True,SYSTEM,2020-01-01 00:00:00,SYSTEM,2020-01-01 00:00:00
159,159,Jane,Jones,contact159@supplier.com,+1-555-566-3124,2020-01-01 00:00:00,,True,SYSTEM,2020-01-01 00:00:00,SYSTEM,2020-01-01 00:00:00
160,160,Jane,Chen,contact160@supplier.com,+1-555-271-6546,2020-01-01 00:00:00,,True,SYSTEM,2020-01-01 00:00:00,SYSTEM,2020-01-01 00:00:00
161,161,Michael,Chen,contact161@supplier.com,+1-555-968-5635,2020-01-01 00:00:00,,True,SYSTEM,2020-01-01 00:00:00,SYSTEM,2020-01-01 00:00:00
162,162,Lisa,Johnson,contact162@supplier.com,+1-555-446-4772,2020-01-01 00:00:00,,True,SYSTEM,2020-01-01 00:00:00,SYSTEM,2020-01-01 00:00:00
163,163,Sarah,Chen,contact163@supplier.com,+1-555-530-5966,2020-01-01 00:00:00,,True,SYSTEM,2020-01-01 00:00:00,SYSTEM,2020-01-01 00:00:00
164,164,Emily,Jones,contact164@supplier.com,+1-555-822-2993,2020-01-01 00:00:00,,True,SYSTEM,2020-01-01 00:00:00,SYSTEM,2020-01-01 00:00:00
165,165,John,Jones,contact165@supplier.com,+1-555-365-9778,2020-01-01 00:00:00,,True,SYSTEM,2020-01-01 00:00:00,SYSTEM,2020-01-01 00:00:00
166,166,Emily,Garcia,contact166@supplier.com,+1-555-847-9950,2020-01-01 00:00:00,,True,SYSTEM,2020-01-01 00:00:00,SYSTEM,2020-01-01 00:00:00
167,167,Emily,Chen,contact167@supplier.com,+1-555-454-8225,2020-01-01 00:00:00,,True,SYSTEM,2020-01-01 00:00:00,SYSTEM,2020-01-01 00:00:00
168,168,Jane,Smith,contact168@supplier.com,+1-555-417-1592,2020-01-01 00:00:00,,True,SYSTEM,2020-01-01 00:00:00,SYSTEM,2020-01-01 00:00:00
169,169,Michael,Chen,contact169@supplier.com,+1-555-467-7392,2020-01-01 00:00:00,,True,SYSTEM,2020-01-01 00:00:00,SYSTEM,2020-01-01 00:00:00
170,170,John,Williams,contact170@supplier.com,+1-555-889-9507,2020-01-01 00:00:00,,True,SYSTEM,2020-01-01 00:00:00,SYSTEM,2020-01-01 00:00:00
171,171,Lisa,Chen,contact171@supplier.com,+1-555-799-7616,2020-01-01 00:00:00,,True,SYSTEM,2020-01-01 00:00:00,SYSTEM,2020-01-01 00:00:00
172,172,John,Jones,contact172@supplier.com,+1-555-736-9048,2020-01-01 00:00:00,,True,SYSTEM,2020-01-01 00:00:00,SYSTEM,2020-01-01 00:00:00
173,173,Yuki,Williams,contact173@supplier.com,+1-555-213-7867,2020-01-01 00:00:00,,True,SYSTEM,2020-01-01 00:00:00,SYSTEM,2020-01-01 00:00:00
174,174,Robert,Williams,contact174@supplier.com,+1-555-703-6823,2020-01-01 00:00:00,,True,SYSTEM,2020-01-01 00:00:00,SYSTEM,2020-01-01 00:00:00
175,175,John,Kim,contact175@supplier.com,+1-555-237-6182,2020-01-01 00:00:00,,True,SYSTEM,2020-01-01 00:00:00,SYSTEM,2020-01-01 00:00:00
176,176,Lisa,Tanaka,contact176@supplier.com,+1-555-300-4716,2020-01-01 00:00:00,,True,SYSTEM,2020-01-01 00:00:00,SYSTEM,2020-01-01 00:00:00
177,177,Lisa,Tanaka,contact177@supplier.com,+1-555-829-7963,2020-01-01 00:00:00,,True,SYSTEM,2020-01-01 00:00:00,SYSTEM,2020-01-01 00:00:00
178,178,Robert,Garcia,contact178@supplier.com,+1-555-512-1423,2020-01-01 00:00:00,,True,SYSTEM,2020-01-01 00:00:00,SYSTEM,2020-01-01 00:00:00
179,179,Sarah,Chen,contact179@supplier.com,+1-555-637-2155,2020-01-01 00:00:00,,True,SYSTEM,2020-01-01 00:00:00,SYSTEM,2020-01-01 00:00:00
180,180,Jane,Kim,contact180@supplier.com,+1-555-247-6949,2020-01-01 00:00:00,,True,SYSTEM,2020-01-01 00:00:00,SYSTEM,2020-01-01 00:00:00
181,181,Robert,Williams,contact181@supplier.com,+1-555-860-6252,2020-01-01 00:00:00,,True,SYSTEM,2020-01-01 00:00:00,SYSTEM,2020-01-01 00:00:00
182,182,Emily,Smith,contact182@supplier.com,+1-555-381-9883,2020-01-01 00:00:00,,True,SYSTEM,2020-01-01 00:00:00,SYSTEM,2020-01-01 00:00:00
183,183,Michael,Brown,contact183@supplier.com,+1-555-508-2649,2020-01-01 00:00:00,,True,SYSTEM,2020-01-01 00:00:00,SYSTEM,2020-01-01 00:00:00
184,184,John,Kim,contact184@supplier.com,+1-555-798-1517,2020-01-01 00:00:00,,True,SYSTEM,2020-01-01 00:00:00,SYSTEM,2020-01-01 00:00:00
185,185,Emily,Miller,contact185@supplier.com,+1-555-485-6268,2020-01-01 00:00:00,,True,SYSTEM,2020-01-01 00:00:00,SYSTEM,2020-01-01 00:00:00
186,186,Sarah,Williams,contact186@supplier.com,+1-555-983-5694,2020-01-01 00:00:00,,True,SYSTEM,2020-01-01 00:00:00,SYSTEM,2020-01-01 00:00:00
187,187,Wei,Johnson,contact187@supplier.com,+1-555-339-9771,2020-01-01 00:00:00,,True,SYSTEM,2020-01-01 00:00:00,SYSTEM,2020-01-01 00:00:00
188,188,Sarah,Jones,contact188@supplier.com,+1-555-364-3163,2020-01-01 00:00:00,,True,SYSTEM,2020-01-01 00:00:00,SYSTEM,2020-01-01 00:00:00
189,189,Wei,Smith,contact189@supplier.com,+1-555-438-8571,2020-01-01 00:00:00,,True,SYSTEM,2020-01-01 00:00:00,SYSTEM,2020-01-01 00:00:00
190,190,Lisa,Williams,contact190@supplier.com,+1-555-241-5847,2020-01-01 00:00:00,,True,SYSTEM,2020-01-01 00:00:00,SYSTEM,2020-01-01 00:00:00
191,191,Wei,Chen,contact191@supplier.com,+1-555-642-8020,2020-01-01 00:00:00,,True,SYSTEM,2020-01-01 00:00:00,SYSTEM,2020-01-01 00:00:00
192,192,John,Williams,contact192@supplier.com,+1-555-783-1371,2020-01-01 00:00:00,,True,SYSTEM,2020-01-01 00:00:00,SYSTEM,2020-01-01 00:00:00
193,193,Jane,Johnson,contact193@supplier.com,+1-555-318-8369,2020-01-01 00:00:00,,True,SYSTEM,2020-01-01 00:00:00,SYSTEM,2020-01-01 00:00:00
194,194,David,Brown,contact194@supplier.com,+1-555-742-4339,2020-01-01 00:00:00,,True,SYSTEM,2020-01-01 00:00:00,SYSTEM,2020-01-01 00:00:00
195,195,Emily,Garcia,contact195@supplier.com,+1-555-644-4991,2020-01-01 00:00:00,,True,SYSTEM,2020-01-01 00:00:00,SYSTEM,2020-01-01 00:00:00
196,196,Yuki,Chen,contact196@supplier.com,+1-555-513-8161,2020-01-01 00:00:00,,True,SYSTEM,2020-01-01 00:00:00,SYSTEM,2020-01-01 00:00:00
197,197,Jane,Kim,contact197@supplier.com,+1-555-987-2433,2020-01-01 00:00:00,,True,SYSTEM,2020-01-01 00:00:00,SYSTEM,2020-01-01 00:00:00
198,198,Wei,Kim,contact198@supplier.com,+1-555-355-4431,2020-01-01 00:00:00,,True,SYSTEM,2020-01-01 00:00:00,SYSTEM,2020-01-01 00:00:00
199,199,Michael,Johnson,contact199@supplier.com,+1-555-483-4876,2020-01-01 00:00:00,,True,SYSTEM,2020-01-01 00:00:00,SYSTEM,2020-01-01 00:00:00
200,200,Emily,Miller,contact200@supplier.com,+1-555-952-2218,2020-01-01 00:00:00,,True,SYSTEM,2020-01-01 00:00:00,SYSTEM,2020-01-01 00:00:00
