SUPPLIER_PERFORMANCE_ID,SUPPLIER_ID,EVALUATION_PERIOD,METRIC_TYPE,METRIC_VALUE,TARGET_VALUE,RATING,COMMENTS,CREATED_BY_USER,CREATED_TIMESTAMP,UPDATED_BY_USER,UPDATED_TIMESTAMP
1,1,2024-Q4,ON_TIME_DELIVERY,85.06,95,B,,SYSTEM,2025-01-01 00:00:00,SYSTEM,2025-01-01 00:00:00
2,1,2024-Q4,QUALITY_ACCEPTANCE,92.96,95,B,,SYSTEM,2025-01-01 00:00:00,SYSTEM,2025-01-01 00:00:00
3,1,2024-Q4,PRICE_VARIANCE,-3.78,0,D,,SYSTEM,2025-01-01 00:00:00,SYSTEM,2025-01-01 00:00:00
4,1,2024-Q4,LEAD_TIME_ADHERENCE,73.3,95,D,,SYSTEM,2025-01-01 00:00:00,SYSTEM,2025-01-01 00:00:00
5,1,2024-Q4,OVERALL_SCORE,74.92,95,D,,SYSTEM,2025-01-01 00:00:00,SYSTEM,2025-01-01 00:00:00
6,2,2024-Q4,ON_TIME_DELIVERY,89.17,95,B,,SYSTEM,2025-01-01 00:00:00,SYSTEM,2025-01-01 00:00:00
7,2,2024-Q4,QUALITY_ACCEPTANCE,85.28,95,B,,SYSTEM,2025-01-01 00:00:00,SYSTEM,2025-01-01 00:00:00
8,2,2024-Q4,PRICE_VARIANCE,8.23,0,D,,SYSTEM,2025-01-01 00:00:00,SYSTEM,2025-01-01 00:00:00
9,2,2024-Q4,LEAD_TIME_ADHERENCE,75.71,95,C,,SYSTEM,2025-01-01 00:00:00,SYSTEM,2025-01-01 00:00:00
10,2,2024-Q4,OVERALL_SCORE,93.19,95,B,,SYSTEM,2025-01-01 00:00:00,SYSTEM,2025-01-01 00:00:00
11,3,2024-Q4,ON_TIME_DELIVERY,87.09,95,B,,SYSTEM,2025-01-01 00:00:00,SYSTEM,2025-01-01 00:00:00
12,3,2024-Q4,QUALITY_ACCEPTANCE,99.58,95,A,,SYSTEM,2025-01-01 00:00:00,SYSTEM,2025-01-01 00:00:00
13,3,2024-Q4,PRICE_VARIANCE,3.67,0,D,,SYSTEM,2025-01-01 00:00:00,SYSTEM,2025-01-01 00:00:00
14,3,2024-Q4,LEAD_TIME_ADHERENCE,81.0,95,C,,SYSTEM,2025-01-01 00:00:00,SYSTEM,2025-01-01 00:00:00
15,3,2024-Q4,OVERALL_SCORE,98.21,95,A,,SYSTEM,2025-01-01 00:00:00,SYSTEM,2025-01-01 00:00:00
16,4,2024-Q4,ON_TIME_DELIVERY,76.19,95,C,,SYSTEM,2025-01-01 00:00:00,SYSTEM,2025-01-01 00:00:00
17,4,2024-Q4,QUALITY_ACCEPTANCE,95.85,95,A,,SYSTEM,2025-01-01 00:00:00,SYSTEM,2025-01-01 00:00:00
18,4,2024-Q4,PRICE_VARIANCE,5.13,0,D,,SYSTEM,2025-01-01 00:00:00,SYSTEM,2025-01-01 00:00:00
19,4,2024-Q4,LEAD_TIME_ADHERENCE,98.54,95,A,,SYSTEM,2025-01-01 00:00:00,SYSTEM,2025-01-01 00:00:00
20,4,2024-Q4,OVERALL_SCORE,97.7,95,A,,SYSTEM,2025-01-01 00:00:00,SYSTEM,2025-01-01 00:00:00
21,5,2024-Q4,ON_TIME_DELIVERY,98.16,95,A,,SYSTEM,2025-01-01 00:00:00,SYSTEM,2025-01-01 00:00:00
22,5,2024-Q4,QUALITY_ACCEPTANCE,82.99,95,C,,SYSTEM,2025-01-01 00:00:00,SYSTEM,2025-01-01 00:00:00
23,5,2024-Q4,PRICE_VARIANCE,2.34,0,D,,SYSTEM,2025-01-01 00:00:00,SYSTEM,2025-01-01 00:00:00
24,5,2024-Q4,LEAD_TIME_ADHERENCE,88.27,95,B,,SYSTEM,2025-01-01 00:00:00,SYSTEM,2025-01-01 00:00:00
25,5,2024-Q4,OVERALL_SCORE,91.88,95,B,,SYSTEM,2025-01-01 00:00:00,SYSTEM,2025-01-01 00:00:00
26,6,2024-Q4,ON_TIME_DELIVERY,74.33,95,D,,SYSTEM,2025-01-01 00:00:00,SYSTEM,2025-01-01 00:00:00
27,6,2024-Q4,QUALITY_ACCEPTANCE,87.18,95,B,,SYSTEM,2025-01-01 00:00:00,SYSTEM,2025-01-01 00:00:00
28,6,2024-Q4,PRICE_VARIANCE,0.18,0,D,,SYSTEM,2025-01-01 00:00:00,SYSTEM,2025-01-01 00:00:00
29,6,2024-Q4,LEAD_TIME_ADHERENCE,71.4,95,D,,SYSTEM,2025-01-01 00:00:00,SYSTEM,2025-01-01 00:00:00
30,6,2024-Q4,OVERALL_SCORE,92.14,95,B,,SYSTEM,2025-01-01 00:00:00,SYSTEM,2025-01-01 00:00:00
31,7,2024-Q4,ON_TIME_DELIVERY,75.65,95,C,,SYSTEM,2025-01-01 00:00:00,SYSTEM,2025-01-01 00:00:00
32,7,2024-Q4,QUALITY_ACCEPTANCE,91.75,95,B,,SYSTEM,2025-01-01 00:00:00,SYSTEM,2025-01-01 00:00:00
33,7,2024-Q4,PRICE_VARIANCE,-5.31,0,D,,SYSTEM,2025-01-01 00:00:00,SYSTEM,2025-01-01 00:00:00
34,7,2024-Q4,LEAD_TIME_ADHERENCE,71.99,95,D,,SYSTEM,2025-01-01 00:00:00,SYSTEM,2025-01-01 00:00:00
35,7,2024-Q4,OVERALL_SCORE,82.77,95,C,,SYSTEM,2025-01-01 00:00:00,SYSTEM,2025-01-01 00:00:00
36,8,2024-Q4,ON_TIME_DELIVERY,73.34,95,D,,SYSTEM,2025-01-01 00:00:00,SYSTEM,2025-01-01 00:00:00
37,8,2024-Q4,QUALITY_ACCEPTANCE,85.98,95,B,,SYSTEM,2025-01-01 00:00:00,SYSTEM,2025-01-01 00:00:00
38,8,2024-Q4,PRICE_VARIANCE,3.01,0,D,,SYSTEM,2025-01-01 00:00:00,SYSTEM,2025-01-01 00:00:00
39,8,2024-Q4,LEAD_TIME_ADHERENCE,97.53,95,A,,SYSTEM,2025-01-01 00:00:00,SYSTEM,2025-01-01 00:00:00
40,8,2024-Q4,OVERALL_SCORE,95.03,95,A,,SYSTEM,2025-01-01 00:00:00,SYSTEM,2025-01-01 00:00:00
41,9,2024-Q4,ON_TIME_DELIVERY,82.94,95,C,,SYSTEM,2025-01-01 00:00:00,SYSTEM,2025-01-01 00:00:00
42,9,2024-Q4,QUALITY_ACCEPTANCE,94.83,95,B,,SYSTEM,2025-01-01 00:00:00,SYSTEM,2025-01-01 00:00:00
43,9,2024-Q4,PRICE_VARIANCE,6.07,0,D,,SYSTEM,2025-01-01 00:00:00,SYSTEM,2025-01-01 00:00:00
44,9,2024-Q4,LEAD_TIME_ADHERENCE,80.56,95,C,,SYSTEM,2025-01-01 00:00:00,SYSTEM,2025-01-01 00:00:00
45,9,2024-Q4,OVERALL_SCORE,74.67,95,D,,SYSTEM,2025-01-01 00:00:00,SYSTEM,2025-01-01 00:00:00
46,10,2024-Q4,ON_TIME_DELIVERY,70.71,95,D,,SYSTEM,2025-01-01 00:00:00,SYSTEM,2025-01-01 00:00:00
47,10,2024-Q4,QUALITY_ACCEPTANCE,74.33,95,D,,SYSTEM,2025-01-01 00:00:00,SYSTEM,2025-01-01 00:00:00
48,10,2024-Q4,PRICE_VARIANCE,7.39,0,D,,SYSTEM,2025-01-01 00:00:00,SYSTEM,2025-01-01 00:00:00
49,10,2024-Q4,LEAD_TIME_ADHERENCE,91.78,95,B,,SYSTEM,2025-01-01 00:00:00,SYSTEM,2025-01-01 00:00:00
50,10,2024-Q4,OVERALL_SCORE,89.71,95,B,,SYSTEM,2025-01-01 00:00:00,SYSTEM,2025-01-01 00:00:00
51,11,2024-Q4,ON_TIME_DELIVERY,81.76,95,C,,SYSTEM,2025-01-01 00:00:00,SYSTEM,2025-01-01 00:00:00
52,11,2024-Q4,QUALITY_ACCEPTANCE,70.31,95,D,,SYSTEM,2025-01-01 00:00:00,SYSTEM,2025-01-01 00:00:00
53,11,2024-Q4,PRICE_VARIANCE,-1.51,0,D,,SYSTEM,2025-01-01 00:00:00,SYSTEM,2025-01-01 00:00:00
54,11,2024-Q4,LEAD_TIME_ADHERENCE,78.72,95,C,,SYSTEM,2025-01-01 00:00:00,SYSTEM,2025-01-01 00:00:00
55,11,2024-Q4,OVERALL_SCORE,90.55,95,B,,SYSTEM,2025-01-01 00:00:00,SYSTEM,2025-01-01 00:00:00
56,12,2024-Q4,ON_TIME_DELIVERY,72.77,95,D,,SYSTEM,2025-01-01 00:00:00,SYSTEM,2025-01-01 00:00:00
57,12,2024-Q4,QUALITY_ACCEPTANCE,90.81,95,B,,SYSTEM,2025-01-01 00:00:00,SYSTEM,2025-01-01 00:00:00
58,12,2024-Q4,PRICE_VARIANCE,3.7,0,D,,SYSTEM,2025-01-01 00:00:00,SYSTEM,2025-01-01 00:00:00
59,12,2024-Q4,LEAD_TIME_ADHERENCE,98.31,95,A,,SYSTEM,2025-01-01 00:00:00,SYSTEM,2025-01-01 00:00:00
60,12,2024-Q4,OVERALL_SCORE,97.73,95,A,,SYSTEM,2025-01-01 00:00:00,SYSTEM,2025-01-01 00:00:00
61,13,2024-Q4,ON_TIME_DELIVERY,87.07,95,B,,SYSTEM,2025-01-01 00:00:00,SYSTEM,2025-01-01 00:00:00
62,13,2024-Q4,QUALITY_ACCEPTANCE,92.88,95,B,,SYSTEM,2025-01-01 00:00:00,SYSTEM,2025-01-01 00:00:00
63,13,2024-Q4,PRICE_VARIANCE,6.21,0,D,,SYSTEM,2025-01-01 00:00:00,SYSTEM,2025-01-01 00:00:00
64,13,2024-Q4,LEAD_TIME_ADHERENCE,95.95,95,A,,SYSTEM,2025-01-01 00:00:00,SYSTEM,2025-01-01 00:00:00
65,13,2024-Q4,OVERALL_SCORE,92.85,95,B,,SYSTEM,2025-01-01 00:00:00,SYSTEM,2025-01-01 00:00:00
66,14,2024-Q4,ON_TIME_DELIVERY,76.48,95,C,,SYSTEM,2025-01-01 00:00:00,SYSTEM,2025-01-01 00:00:00
67,14,2024-Q4,QUALITY_ACCEPTANCE,75.18,95,C,,SYSTEM,2025-01-01 00:00:00,SYSTEM,2025-01-01 00:00:00
68,14,2024-Q4,PRICE_VARIANCE,4.07,0,D,,SYSTEM,2025-01-01 00:00:00,SYSTEM,2025-01-01 00:00:00
69,14,2024-Q4,LEAD_TIME_ADHERENCE,90.68,95,B,,SYSTEM,2025-01-01 00:00:00,SYSTEM,2025-01-01 00:00:00
70,14,2024-Q4,OVERALL_SCORE,71.32,95,D,,SYSTEM,2025-01-01 00:00:00,SYSTEM,2025-01-01 00:00:00
71,15,2024-Q4,ON_TIME_DELIVERY,94.14,95,B,,SYSTEM,2025-01-01 00:00:00,SYSTEM,2025-01-01 00:00:00
72,15,2024-Q4,QUALITY_ACCEPTANCE,97.68,95,A,,SYSTEM,2025-01-01 00:00:00,SYSTEM,2025-01-01 00:00:00
73,15,2024-Q4,PRICE_VARIANCE,0.06,0,D,,SYSTEM,2025-01-01 00:00:00,SYSTEM,2025-01-01 00:00:00
74,15,2024-Q4,LEAD_TIME_ADHERENCE,73.08,95,D,,SYSTEM,2025-01-01 00:00:00,SYSTEM,2025-01-01 00:00:00
75,15,2024-Q4,OVERALL_SCORE,94.06,95,B,,SYSTEM,2025-01-01 00:00:00,SYSTEM,2025-01-01 00:00:00
76,16,2024-Q4,ON_TIME_DELIVERY,90.53,95,B,,SYSTEM,2025-01-01 00:00:00,SYSTEM,2025-01-01 00:00:00
77,16,2024-Q4,QUALITY_ACCEPTANCE,77.91,95,C,,SYSTEM,2025-01-01 00:00:00,SYSTEM,2025-01-01 00:00:00
78,16,2024-Q4,PRICE_VARIANCE,7.65,0,D,,SYSTEM,2025-01-01 00:00:00,SYSTEM,2025-01-01 00:00:00
79,16,2024-Q4,LEAD_TIME_ADHERENCE,97.21,95,A,,SYSTEM,2025-01-01 00:00:00,SYSTEM,2025-01-01 00:00:00
80,16,2024-Q4,OVERALL_SCORE,95.95,95,A,,SYSTEM,2025-01-01 00:00:00,SYSTEM,2025-01-01 00:00:00
81,17,2024-Q4,ON_TIME_DELIVERY,96.44,95,A,,SYSTEM,2025-01-01 00:00:00,SYSTEM,2025-01-01 00:00:00
82,17,2024-Q4,QUALITY_ACCEPTANCE,73.31,95,D,,SYSTEM,2025-01-01 00:00:00,SYSTEM,2025-01-01 00:00:00
83,17,2024-Q4,PRICE_VARIANCE,-9.74,0,D,,SYSTEM,2025-01-01 00:00:00,SYSTEM,2025-01-01 00:00:00
84,17,2024-Q4,LEAD_TIME_ADHERENCE,80.84,95,C,,SYSTEM,2025-01-01 00:00:00,SYSTEM,2025-01-01 00:00:00
85,17,2024-Q4,OVERALL_SCORE,91.19,95,B,,SYSTEM,2025-01-01 00:00:00,SYSTEM,2025-01-01 00:00:00
86,18,2024-Q4,ON_TIME_DELIVERY,78.59,95,C,,SYSTEM,2025-01-01 00:00:00,SYSTEM,2025-01-01 00:00:00
87,18,2024-Q4,QUALITY_ACCEPTANCE,78.21,95,C,,SYSTEM,2025-01-01 00:00:00,SYSTEM,2025-01-01 00:00:00
88,18,2024-Q4,PRICE_VARIANCE,0.09,0,D,,SYSTEM,2025-01-01 00:00:00,SYSTEM,2025-01-01 00:00:00
89,18,2024-Q4,LEAD_TIME_ADHERENCE,85.41,95,B,,SYSTEM,2025-01-01 00:00:00,SYSTEM,2025-01-01 00:00:00
90,18,2024-Q4,OVERALL_SCORE,96.15,95,A,,SYSTEM,2025-01-01 00:00:00,SYSTEM,2025-01-01 00:00:00
91,19,2024-Q4,ON_TIME_DELIVERY,90.74,95,B,,SYSTEM,2025-01-01 00:00:00,SYSTEM,2025-01-01 00:00:00
92,19,2024-Q4,QUALITY_ACCEPTANCE,70.95,95,D,,SYSTEM,2025-01-01 00:00:00,SYSTEM,2025-01-01 00:00:00
93,19,2024-Q4,PRICE_VARIANCE,-0.49,0,D,,SYSTEM,2025-01-01 00:00:00,SYSTEM,2025-01-01 00:00:00
94,19,2024-Q4,LEAD_TIME_ADHERENCE,71.77,95,D,,SYSTEM,2025-01-01 00:00:00,SYSTEM,2025-01-01 00:00:00
95,19,2024-Q4,OVERALL_SCORE,86.41,95,B,,SYSTEM,2025-01-01 00:00:00,SYSTEM,2025-01-01 00:00:00
96,20,2024-Q4,ON_TIME_DELIVERY,80.43,95,C,,SYSTEM,2025-01-01 00:00:00,SYSTEM,2025-01-01 00:00:00
97,20,2024-Q4,QUALITY_ACCEPTANCE,82.34,95,C,,SYSTEM,2025-01-01 00:00:00,SYSTEM,2025-01-01 00:00:00
98,20,2024-Q4,PRICE_VARIANCE,-1.08,0,D,,SYSTEM,2025-01-01 00:00:00,SYSTEM,2025-01-01 00:00:00
99,20,2024-Q4,LEAD_TIME_ADHERENCE,98.15,95,A,,SYSTEM,2025-01-01 00:00:00,SYSTEM,2025-01-01 00:00:00
100,20,2024-Q4,OVERALL_SCORE,71.79,95,D,,SYSTEM,2025-01-01 00:00:00,SYSTEM,2025-01-01 00:00:00
101,21,2024-Q4,ON_TIME_DELIVERY,79.6,95,C,,SYSTEM,2025-01-01 00:00:00,SYSTEM,2025-01-01 00:00:00
102,21,2024-Q4,QUALITY_ACCEPTANCE,76.71,95,C,,SYSTEM,2025-01-01 00:00:00,SYSTEM,2025-01-01 00:00:00
103,21,2024-Q4,PRICE_VARIANCE,-4.8,0,D,,SYSTEM,2025-01-01 00:00:00,SYSTEM,2025-01-01 00:00:00
104,21,2024-Q4,LEAD_TIME_ADHERENCE,77.4,95,C,,SYSTEM,2025-01-01 00:00:00,SYSTEM,2025-01-01 00:00:00
105,21,2024-Q4,OVERALL_SCORE,88.32,95,B,,SYSTEM,2025-01-01 00:00:00,SYSTEM,2025-01-01 00:00:00
106,22,2024-Q4,ON_TIME_DELIVERY,73.07,95,D,,SYSTEM,2025-01-01 00:00:00,SYSTEM,2025-01-01 00:00:00
107,22,2024-Q4,QUALITY_ACCEPTANCE,92.31,95,B,,SYSTEM,2025-01-01 00:00:00,SYSTEM,2025-01-01 00:00:00
108,22,2024-Q4,PRICE_VARIANCE,1.58,0,D,,SYSTEM,2025-01-01 00:00:00,SYSTEM,2025-01-01 00:00:00
109,22,2024-Q4,LEAD_TIME_ADHERENCE,93.23,95,B,,SYSTEM,2025-01-01 00:00:00,SYSTEM,2025-01-01 00:00:00
110,22,2024-Q4,OVERALL_SCORE,74.5,95,D,,SYSTEM,2025-01-01 00:00:00,SYSTEM,2025-01-01 00:00:00
111,23,2024-Q4,ON_TIME_DELIVERY,78.06,95,C,,SYSTEM,2025-01-01 00:00:00,SYSTEM,2025-01-01 00:00:00
112,23,2024-Q4,QUALITY_ACCEPTANCE,95.49,95,A,,SYSTEM,2025-01-01 00:00:00,SYSTEM,2025-01-01 00:00:00
113,23,2024-Q4,PRICE_VARIANCE,-6.04,0,D,,SYSTEM,2025-01-01 00:00:00,SYSTEM,2025-01-01 00:00:00
114,23,2024-Q4,LEAD_TIME_ADHERENCE,87.43,95,B,,SYSTEM,2025-01-01 00:00:00,SYSTEM,2025-01-01 00:00:00
115,23,2024-Q4,OVERALL_SCORE,71.48,95,D,,SYSTEM,2025-01-01 00:00:00,SYSTEM,2025-01-01 00:00:00
116,24,2024-Q4,ON_TIME_DELIVERY,98.53,95,A,,SYSTEM,2025-01-01 00:00:00,SYSTEM,2025-01-01 00:00:00
117,24,2024-Q4,QUALITY_ACCEPTANCE,75.27,95,C,,SYSTEM,2025-01-01 00:00:00,SYSTEM,2025-01-01 00:00:00
118,24,2024-Q4,PRICE_VARIANCE,3.26,0,D,,SYSTEM,2025-01-01 00:00:00,SYSTEM,2025-01-01 00:00:00
119,24,2024-Q4,LEAD_TIME_ADHERENCE,70.99,95,D,,SYSTEM,2025-01-01 00:00:00,SYSTEM,2025-01-01 00:00:00
120,24,2024-Q4,OVERALL_SCORE,77.23,95,C,,SYSTEM,2025-01-01 00:00:00,SYSTEM,2025-01-01 00:00:00
121,25,2024-Q4,ON_TIME_DELIVERY,71.63,95,D,,SYSTEM,2025-01-01 00:00:00,SYSTEM,2025-01-01 00:00:00
122,25,2024-Q4,QUALITY_ACCEPTANCE,83.86,95,C,,SYSTEM,2025-01-01 00:00:00,SYSTEM,2025-01-01 00:00:00
123,25,2024-Q4,PRICE_VARIANCE,9.59,0,D,,SYSTEM,2025-01-01 00:00:00,SYSTEM,2025-01-01 00:00:00
124,25,2024-Q4,LEAD_TIME_ADHERENCE,71.69,95,D,,SYSTEM,2025-01-01 00:00:00,SYSTEM,2025-01-01 00:00:00
125,25,2024-Q4,OVERALL_SCORE,96.87,95,A,,SYSTEM,2025-01-01 00:00:00,SYSTEM,2025-01-01 00:00:00
126,26,2024-Q4,ON_TIME_DELIVERY,93.18,95,B,,SYSTEM,2025-01-01 00:00:00,SYSTEM,2025-01-01 00:00:00
127,26,2024-Q4,QUALITY_ACCEPTANCE,84.21,95,C,,SYSTEM,2025-01-01 00:00:00,SYSTEM,2025-01-01 00:00:00
128,26,2024-Q4,PRICE_VARIANCE,2.3,0,D,,SYSTEM,2025-01-01 00:00:00,SYSTEM,2025-01-01 00:00:00
129,26,2024-Q4,LEAD_TIME_ADHERENCE,86.82,95,B,,SYSTEM,2025-01-01 00:00:00,SYSTEM,2025-01-01 00:00:00
130,26,2024-Q4,OVERALL_SCORE,79.12,95,C,,SYSTEM,2025-01-01 00:00:00,SYSTEM,2025-01-01 00:00:00
131,27,2024-Q4,ON_TIME_DELIVERY,88.89,95,B,,SYSTEM,2025-01-01 00:00:00,SYSTEM,2025-01-01 00:00:00
132,27,2024-Q4,QUALITY_ACCEPTANCE,81.28,95,C,,SYSTEM,2025-01-01 00:00:00,SYSTEM,2025-01-01 00:00:00
133,27,2024-Q4,PRICE_VARIANCE,7.53,0,D,,SYSTEM,2025-01-01 00:00:00,SYSTEM,2025-01-01 00:00:00
134,27,2024-Q4,LEAD_TIME_ADHERENCE,94.59,95,B,,SYSTEM,2025-01-01 00:00:00,SYSTEM,2025-01-01 00:00:00
135,27,2024-Q4,OVERALL_SCORE,91.31,95,B,,SYSTEM,2025-01-01 00:00:00,SYSTEM,2025-01-01 00:00:00
136,28,2024-Q4,ON_TIME_DELIVERY,91.3,95,B,,SYSTEM,2025-01-01 00:00:00,SYSTEM,2025-01-01 00:00:00
137,28,2024-Q4,QUALITY_ACCEPTANCE,86.23,95,B,,SYSTEM,2025-01-01 00:00:00,SYSTEM,2025-01-01 00:00:00
138,28,2024-Q4,PRICE_VARIANCE,-5.82,0,D,,SYSTEM,2025-01-01 00:00:00,SYSTEM,2025-01-01 00:00:00
139,28,2024-Q4,LEAD_TIME_ADHERENCE,77.69,95,C,,SYSTEM,2025-01-01 00:00:00,SYSTEM,2025-01-01 00:00:00
140,28,2024-Q4,OVERALL_SCORE,72.86,95,D,,SYSTEM,2025-01-01 00:00:00,SYSTEM,2025-01-01 00:00:00
141,29,2024-Q4,ON_TIME_DELIVERY,97.71,95,A,,SYSTEM,2025-01-01 00:00:00,SYSTEM,2025-01-01 00:00:00
142,29,2024-Q4,QUALITY_ACCEPTANCE,90.21,95,B,,SYSTEM,2025-01-01 00:00:00,SYSTEM,2025-01-01 00:00:00
143,29,2024-Q4,PRICE_VARIANCE,-5.75,0,D,,SYSTEM,2025-01-01 00:00:00,SYSTEM,2025-01-01 00:00:00
144,29,2024-Q4,LEAD_TIME_ADHERENCE,91.76,95,B,,SYSTEM,2025-01-01 00:00:00,SYSTEM,2025-01-01 00:00:00
145,29,2024-Q4,OVERALL_SCORE,97.81,95,A,,SYSTEM,2025-01-01 00:00:00,SYSTEM,2025-01-01 00:00:00
146,30,2024-Q4,ON_TIME_DELIVERY,81.43,95,C,,SYSTEM,2025-01-01 00:00:00,SYSTEM,2025-01-01 00:00:00
147,30,2024-Q4,QUALITY_ACCEPTANCE,92.13,95,B,,SYSTEM,2025-01-01 00:00:00,SYSTEM,2025-01-01 00:00:00
148,30,2024-Q4,PRICE_VARIANCE,8.63,0,D,,SYSTEM,2025-01-01 00:00:00,SYSTEM,2025-01-01 00:00:00
149,30,2024-Q4,LEAD_TIME_ADHERENCE,78.44,95,C,,SYSTEM,2025-01-01 00:00:00,SYSTEM,2025-01-01 00:00:00
150,30,2024-Q4,OVERALL_SCORE,77.53,95,C,,SYSTEM,2025-01-01 00:00:00,SYSTEM,2025-01-01 00:00:00
151,31,2024-Q4,ON_TIME_DELIVERY,84.94,95,C,,SYSTEM,2025-01-01 00:00:00,SYSTEM,2025-01-01 00:00:00
152,31,2024-Q4,QUALITY_ACCEPTANCE,94.59,95,B,,SYSTEM,2025-01-01 00:00:00,SYSTEM,2025-01-01 00:00:00
153,31,2024-Q4,PRICE_VARIANCE,1.51,0,D,,SYSTEM,2025-01-01 00:00:00,SYSTEM,2025-01-01 00:00:00
154,31,2024-Q4,LEAD_TIME_ADHERENCE,71.08,95,D,,SYSTEM,2025-01-01 00:00:00,SYSTEM,2025-01-01 00:00:00
155,31,2024-Q4,OVERALL_SCORE,88.24,95,B,,SYSTEM,2025-01-01 00:00:00,SYSTEM,2025-01-01 00:00:00
156,32,2024-Q4,ON_TIME_DELIVERY,85.42,95,B,,SYSTEM,2025-01-01 00:00:00,SYSTEM,2025-01-01 00:00:00
157,32,2024-Q4,QUALITY_ACCEPTANCE,93.75,95,B,,SYSTEM,2025-01-01 00:00:00,SYSTEM,2025-01-01 00:00:00
158,32,2024-Q4,PRICE_VARIANCE,-9.09,0,D,,SYSTEM,2025-01-01 00:00:00,SYSTEM,2025-01-01 00:00:00
159,32,2024-Q4,LEAD_TIME_ADHERENCE,99.61,95,A,,SYSTEM,2025-01-01 00:00:00,SYSTEM,2025-01-01 00:00:00
160,32,2024-Q4,OVERALL_SCORE,81.78,95,C,,SYSTEM,2025-01-01 00:00:00,SYSTEM,2025-01-01 00:00:00
161,33,2024-Q4,ON_TIME_DELIVERY,91.01,95,B,,SYSTEM,2025-01-01 00:00:00,SYSTEM,2025-01-01 00:00:00
162,33,2024-Q4,QUALITY_ACCEPTANCE,82.66,95,C,,SYSTEM,2025-01-01 00:00:00,SYSTEM,2025-01-01 00:00:00
163,33,2024-Q4,PRICE_VARIANCE,-6.68,0,D,,SYSTEM,2025-01-01 00:00:00,SYSTEM,2025-01-01 00:00:00
164,33,2024-Q4,LEAD_TIME_ADHERENCE,75.86,95,C,,SYSTEM,2025-01-01 00:00:00,SYSTEM,2025-01-01 00:00:00
165,33,2024-Q4,OVERALL_SCORE,95.56,95,A,,SYSTEM,2025-01-01 00:00:00,SYSTEM,2025-01-01 00:00:00
166,34,2024-Q4,ON_TIME_DELIVERY,85.56,95,B,,SYSTEM,2025-01-01 00:00:00,SYSTEM,2025-01-01 00:00:00
167,34,2024-Q4,QUALITY_ACCEPTANCE,78.87,95,C,,SYSTEM,2025-01-01 00:00:00,SYSTEM,2025-01-01 00:00:00
168,34,2024-Q4,PRICE_VARIANCE,6.19,0,D,,SYSTEM,2025-01-01 00:00:00,SYSTEM,2025-01-01 00:00:00
169,34,2024-Q4,LEAD_TIME_ADHERENCE,99.69,95,A,,SYSTEM,2025-01-01 00:00:00,SYSTEM,2025-01-01 00:00:00
170,34,2024-Q4,OVERALL_SCORE,71.25,95,D,,SYSTEM,2025-01-01 00:00:00,SYSTEM,2025-01-01 00:00:00
171,35,2024-Q4,ON_TIME_DELIVERY,97.85,95,A,,SYSTEM,2025-01-01 00:00:00,SYSTEM,2025-01-01 00:00:00
172,35,2024-Q4,QUALITY_ACCEPTANCE,91.53,95,B,,SYSTEM,2025-01-01 00:00:00,SYSTEM,2025-01-01 00:00:00
173,35,2024-Q4,PRICE_VARIANCE,-5.53,0,D,,SYSTEM,2025-01-01 00:00:00,SYSTEM,2025-01-01 00:00:00
174,35,2024-Q4,LEAD_TIME_ADHERENCE,87.92,95,B,,SYSTEM,2025-01-01 00:00:00,SYSTEM,2025-01-01 00:00:00
175,35,2024-Q4,OVERALL_SCORE,81.7,95,C,,SYSTEM,2025-01-01 00:00:00,SYSTEM,2025-01-01 00:00:00
176,36,2024-Q4,ON_TIME_DELIVERY,98.32,95,A,,SYSTEM,2025-01-01 00:00:00,SYSTEM,2025-01-01 00:00:00
177,36,2024-Q4,QUALITY_ACCEPTANCE,72.19,95,D,,SYSTEM,2025-01-01 00:00:00,SYSTEM,2025-01-01 00:00:00
178,36,2024-Q4,PRICE_VARIANCE,-3.46,0,D,,SYSTEM,2025-01-01 00:00:00,SYSTEM,2025-01-01 00:00:00
179,36,2024-Q4,LEAD_TIME_ADHERENCE,83.6,95,C,,SYSTEM,2025-01-01 00:00:00,SYSTEM,2025-01-01 00:00:00
180,36,2024-Q4,OVERALL_SCORE,93.28,95,B,,SYSTEM,2025-01-01 00:00:00,SYSTEM,2025-01-01 00:00:00
181,37,2024-Q4,ON_TIME_DELIVERY,86.41,95,B,,SYSTEM,2025-01-01 00:00:00,SYSTEM,2025-01-01 00:00:00
182,37,2024-Q4,QUALITY_ACCEPTANCE,72.16,95,D,,SYSTEM,2025-01-01 00:00:00,SYSTEM,2025-01-01 00:00:00
183,37,2024-Q4,PRICE_VARIANCE,8.9,0,D,,SYSTEM,2025-01-01 00:00:00,SYSTEM,2025-01-01 00:00:00
184,37,2024-Q4,LEAD_TIME_ADHERENCE,92.35,95,B,,SYSTEM,2025-01-01 00:00:00,SYSTEM,2025-01-01 00:00:00
185,37,2024-Q4,OVERALL_SCORE,81.51,95,C,,SYSTEM,2025-01-01 00:00:00,SYSTEM,2025-01-01 00:00:00
186,38,2024-Q4,ON_TIME_DELIVERY,93.07,95,B,,SYSTEM,2025-01-01 00:00:00,SYSTEM,2025-01-01 00:00:00
187,38,2024-Q4,QUALITY_ACCEPTANCE,98.23,95,A,,SYSTEM,2025-01-01 00:00:00,SYSTEM,2025-01-01 00:00:00
188,38,2024-Q4,PRICE_VARIANCE,9.52,0,D,,SYSTEM,2025-01-01 00:00:00,SYSTEM,2025-01-01 00:00:00
189,38,2024-Q4,LEAD_TIME_ADHERENCE,70.94,95,D,,SYSTEM,2025-01-01 00:00:00,SYSTEM,2025-01-01 00:00:00
190,38,2024-Q4,OVERALL_SCORE,79.99,95,C,,SYSTEM,2025-01-01 00:00:00,SYSTEM,2025-01-01 00:00:00
191,39,2024-Q4,ON_TIME_DELIVERY,91.79,95,B,,SYSTEM,2025-01-01 00:00:00,SYSTEM,2025-01-01 00:00:00
192,39,2024-Q4,QUALITY_ACCEPTANCE,92.39,95,B,,SYSTEM,2025-01-01 00:00:00,SYSTEM,2025-01-01 00:00:00
193,39,2024-Q4,PRICE_VARIANCE,7.73,0,D,,SYSTEM,2025-01-01 00:00:00,SYSTEM,2025-01-01 00:00:00
194,39,2024-Q4,LEAD_TIME_ADHERENCE,75.06,95,C,,SYSTEM,2025-01-01 00:00:00,SYSTEM,2025-01-01 00:00:00
195,39,2024-Q4,OVERALL_SCORE,93.94,95,B,,SYSTEM,2025-01-01 00:00:00,SYSTEM,2025-01-01 00:00:00
196,40,2024-Q4,ON_TIME_DELIVERY,83.62,95,C,,SYSTEM,2025-01-01 00:00:00,SYSTEM,2025-01-01 00:00:00
197,40,2024-Q4,QUALITY_ACCEPTANCE,98.41,95,A,,SYSTEM,2025-01-01 00:00:00,SYSTEM,2025-01-01 00:00:00
198,40,2024-Q4,PRICE_VARIANCE,1.76,0,D,,SYSTEM,2025-01-01 00:00:00,SYSTEM,2025-01-01 00:00:00
199,40,2024-Q4,LEAD_TIME_ADHERENCE,72.18,95,D,,SYSTEM,2025-01-01 00:00:00,SYSTEM,2025-01-01 00:00:00
200,40,2024-Q4,OVERALL_SCORE,73.63,95,D,,SYSTEM,2025-01-01 00:00:00,SYSTEM,2025-01-01 00:00:00
201,41,2024-Q4,ON_TIME_DELIVERY,88.15,95,B,,SYSTEM,2025-01-01 00:00:00,SYSTEM,2025-01-01 00:00:00
202,41,2024-Q4,QUALITY_ACCEPTANCE,74.84,95,D,,SYSTEM,2025-01-01 00:00:00,SYSTEM,2025-01-01 00:00:00
203,41,2024-Q4,PRICE_VARIANCE,-2.7,0,D,,SYSTEM,2025-01-01 00:00:00,SYSTEM,2025-01-01 00:00:00
204,41,2024-Q4,LEAD_TIME_ADHERENCE,90.13,95,B,,SYSTEM,2025-01-01 00:00:00,SYSTEM,2025-01-01 00:00:00
205,41,2024-Q4,OVERALL_SCORE,97.03,95,A,,SYSTEM,2025-01-01 00:00:00,SYSTEM,2025-01-01 00:00:00
206,42,2024-Q4,ON_TIME_DELIVERY,79.23,95,C,,SYSTEM,2025-01-01 00:00:00,SYSTEM,2025-01-01 00:00:00
207,42,2024-Q4,QUALITY_ACCEPTANCE,94.15,95,B,,SYSTEM,2025-01-01 00:00:00,SYSTEM,2025-01-01 00:00:00
208,42,2024-Q4,PRICE_VARIANCE,1.63,0,D,,SYSTEM,2025-01-01 00:00:00,SYSTEM,2025-01-01 00:00:00
209,42,2024-Q4,LEAD_TIME_ADHERENCE,93.85,95,B,,SYSTEM,2025-01-01 00:00:00,SYSTEM,2025-01-01 00:00:00
210,42,2024-Q4,OVERALL_SCORE,76.89,95,C,,SYSTEM,2025-01-01 00:00:00,SYSTEM,2025-01-01 00:00:00
211,43,2024-Q4,ON_TIME_DELIVERY,89.29,95,B,,SYSTEM,2025-01-01 00:00:00,SYSTEM,2025-01-01 00:00:00
212,43,2024-Q4,QUALITY_ACCEPTANCE,79.02,95,C,,SYSTEM,2025-01-01 00:00:00,SYSTEM,2025-01-01 00:00:00
213,43,2024-Q4,PRICE_VARIANCE,-7.51,0,D,,SYSTEM,2025-01-01 00:00:00,SYSTEM,2025-01-01 00:00:00
214,43,2024-Q4,LEAD_TIME_ADHERENCE,70.32,95,D,,SYSTEM,2025-01-01 00:00:00,SYSTEM,2025-01-01 00:00:00
215,43,2024-Q4,OVERALL_SCORE,96.07,95,A,,SYSTEM,2025-01-01 00:00:00,SYSTEM,2025-01-01 00:00:00
216,44,2024-Q4,ON_TIME_DELIVERY,78.17,95,C,,SYSTEM,2025-01-01 00:00:00,SYSTEM,2025-01-01 00:00:00
217,44,2024-Q4,QUALITY_ACCEPTANCE,91.0,95,B,,SYSTEM,2025-01-01 00:00:00,SYSTEM,2025-01-01 00:00:00
218,44,2024-Q4,PRICE_VARIANCE,-1.83,0,D,,SYSTEM,2025-01-01 00:00:00,SYSTEM,2025-01-01 00:00:00
219,44,2024-Q4,LEAD_TIME_ADHERENCE,83.76,95,C,,SYSTEM,2025-01-01 00:00:00,SYSTEM,2025-01-01 00:00:00
220,44,2024-Q4,OVERALL_SCORE,82.69,95,C,,SYSTEM,2025-01-01 00:00:00,SYSTEM,2025-01-01 00:00:00
221,45,2024-Q4,ON_TIME_DELIVERY,74.88,95,D,,SYSTEM,2025-01-01 00:00:00,SYSTEM,2025-01-01 00:00:00
222,45,2024-Q4,QUALITY_ACCEPTANCE,74.3,95,D,,SYSTEM,2025-01-01 00:00:00,SYSTEM,2025-01-01 00:00:00
223,45,2024-Q4,PRICE_VARIANCE,7.44,0,D,,SYSTEM,2025-01-01 00:00:00,SYSTEM,2025-01-01 00:00:00
224,45,2024-Q4,LEAD_TIME_ADHERENCE,76.0,95,C,,SYSTEM,2025-01-01 00:00:00,SYSTEM,2025-01-01 00:00:00
225,45,2024-Q4,OVERALL_SCORE,86.96,95,B,,SYSTEM,2025-01-01 00:00:00,SYSTEM,2025-01-01 00:00:00
226,46,2024-Q4,ON_TIME_DELIVERY,75.77,95,C,,SYSTEM,2025-01-01 00:00:00,SYSTEM,2025-01-01 00:00:00
227,46,2024-Q4,QUALITY_ACCEPTANCE,97.43,95,A,,SYSTEM,2025-01-01 00:00:00,SYSTEM,2025-01-01 00:00:00
228,46,2024-Q4,PRICE_VARIANCE,-8.12,0,D,,SYSTEM,2025-01-01 00:00:00,SYSTEM,2025-01-01 00:00:00
229,46,2024-Q4,LEAD_TIME_ADHERENCE,87.55,95,B,,SYSTEM,2025-01-01 00:00:00,SYSTEM,2025-01-01 00:00:00
230,46,2024-Q4,OVERALL_SCORE,75.75,95,C,,SYSTEM,2025-01-01 00:00:00,SYSTEM,2025-01-01 00:00:00
231,47,2024-Q4,ON_TIME_DELIVERY,78.57,95,C,,SYSTEM,2025-01-01 00:00:00,SYSTEM,2025-01-01 00:00:00
232,47,2024-Q4,QUALITY_ACCEPTANCE,77.03,95,C,,SYSTEM,2025-01-01 00:00:00,SYSTEM,2025-01-01 00:00:00
233,47,2024-Q4,PRICE_VARIANCE,-8.23,0,D,,SYSTEM,2025-01-01 00:00:00,SYSTEM,2025-01-01 00:00:00
234,47,2024-Q4,LEAD_TIME_ADHERENCE,96.16,95,A,,SYSTEM,2025-01-01 00:00:00,SYSTEM,2025-01-01 00:00:00
235,47,2024-Q4,OVERALL_SCORE,74.13,95,D,,SYSTEM,2025-01-01 00:00:00,SYSTEM,2025-01-01 00:00:00
236,48,2024-Q4,ON_TIME_DELIVERY,79.26,95,C,,SYSTEM,2025-01-01 00:00:00,SYSTEM,2025-01-01 00:00:00
237,48,2024-Q4,QUALITY_ACCEPTANCE,90.62,95,B,,SYSTEM,2025-01-01 00:00:00,SYSTEM,2025-01-01 00:00:00
238,48,2024-Q4,PRICE_VARIANCE,-6.5,0,D,,SYSTEM,2025-01-01 00:00:00,SYSTEM,2025-01-01 00:00:00
239,48,2024-Q4,LEAD_TIME_ADHERENCE,91.25,95,B,,SYSTEM,2025-01-01 00:00:00,SYSTEM,2025-01-01 00:00:00
240,48,2024-Q4,OVERALL_SCORE,82.25,95,C,,SYSTEM,2025-01-01 00:00:00,SYSTEM,2025-01-01 00:00:00
241,49,2024-Q4,ON_TIME_DELIVERY,84.45,95,C,,SYSTEM,2025-01-01 00:00:00,SYSTEM,2025-01-01 00:00:00
242,49,2024-Q4,QUALITY_ACCEPTANCE,84.74,95,C,,SYSTEM,2025-01-01 00:00:00,SYSTEM,2025-01-01 00:00:00
243,49,2024-Q4,PRICE_VARIANCE,2.79,0,D,,SYSTEM,2025-01-01 00:00:00,SYSTEM,2025-01-01 00:00:00
244,49,2024-Q4,LEAD_TIME_ADHERENCE,76.16,95,C,,SYSTEM,2025-01-01 00:00:00,SYSTEM,2025-01-01 00:00:00
245,49,2024-Q4,OVERALL_SCORE,94.44,95,B,,SYSTEM,2025-01-01 00:00:00,SYSTEM,2025-01-01 00:00:00
246,50,2024-Q4,ON_TIME_DELIVERY,74.84,95,D,,SYSTEM,2025-01-01 00:00:00,SYSTEM,2025-01-01 00:00:00
247,50,2024-Q4,QUALITY_ACCEPTANCE,85.2,95,B,,SYSTEM,2025-01-01 00:00:00,SYSTEM,2025-01-01 00:00:00
248,50,2024-Q4,PRICE_VARIANCE,-4.64,0,D,,SYSTEM,2025-01-01 00:00:00,SYSTEM,2025-01-01 00:00:00
249,50,2024-Q4,LEAD_TIME_ADHERENCE,95.45,95,A,,SYSTEM,2025-01-01 00:00:00,SYSTEM,2025-01-01 00:00:00
250,50,2024-Q4,OVERALL_SCORE,73.99,95,D,,SYSTEM,2025-01-01 00:00:00,SYSTEM,2025-01-01 00:00:00
251,51,2024-Q4,ON_TIME_DELIVERY,73.8,95,D,,SYSTEM,2025-01-01 00:00:00,SYSTEM,2025-01-01 00:00:00
252,51,2024-Q4,QUALITY_ACCEPTANCE,89.81,95,B,,SYSTEM,2025-01-01 00:00:00,SYSTEM,2025-01-01 00:00:00
253,51,2024-Q4,PRICE_VARIANCE,4.79,0,D,,SYSTEM,2025-01-01 00:00:00,SYSTEM,2025-01-01 00:00:00
254,51,2024-Q4,LEAD_TIME_ADHERENCE,98.64,95,A,,SYSTEM,2025-01-01 00:00:00,SYSTEM,2025-01-01 00:00:00
255,51,2024-Q4,OVERALL_SCORE,89.23,95,B,,SYSTEM,2025-01-01 00:00:00,SYSTEM,2025-01-01 00:00:00
256,52,2024-Q4,ON_TIME_DELIVERY,90.99,95,B,,SYSTEM,2025-01-01 00:00:00,SYSTEM,2025-01-01 00:00:00
257,52,2024-Q4,QUALITY_ACCEPTANCE,71.61,95,D,,SYSTEM,2025-01-01 00:00:00,SYSTEM,2025-01-01 00:00:00
258,52,2024-Q4,PRICE_VARIANCE,-0.79,0,D,,SYSTEM,2025-01-01 00:00:00,SYSTEM,2025-01-01 00:00:00
259,52,2024-Q4,LEAD_TIME_ADHERENCE,93.69,95,B,,SYSTEM,2025-01-01 00:00:00,SYSTEM,2025-01-01 00:00:00
260,52,2024-Q4,OVERALL_SCORE,79.64,95,C,,SYSTEM,2025-01-01 00:00:00,SYSTEM,2025-01-01 00:00:00
261,53,2024-Q4,ON_TIME_DELIVERY,99.57,95,A,,SYSTEM,2025-01-01 00:00:00,SYSTEM,2025-01-01 00:00:00
262,53,2024-Q4,QUALITY_ACCEPTANCE,92.54,95,B,,SYSTEM,2025-01-01 00:00:00,SYSTEM,2025-01-01 00:00:00
263,53,2024-Q4,PRICE_VARIANCE,1.65,0,D,,SYSTEM,2025-01-01 00:00:00,SYSTEM,2025-01-01 00:00:00
264,53,2024-Q4,LEAD_TIME_ADHERENCE,83.81,95,C,,SYSTEM,2025-01-01 00:00:00,SYSTEM,2025-01-01 00:00:00
265,53,2024-Q4,OVERALL_SCORE,73.18,95,D,,SYSTEM,2025-01-01 00:00:00,SYSTEM,2025-01-01 00:00:00
266,54,2024-Q4,ON_TIME_DELIVERY,97.72,95,A,,SYSTEM,2025-01-01 00:00:00,SYSTEM,2025-01-01 00:00:00
267,54,2024-Q4,QUALITY_ACCEPTANCE,71.89,95,D,,SYSTEM,2025-01-01 00:00:00,SYSTEM,2025-01-01 00:00:00
268,54,2024-Q4,PRICE_VARIANCE,9.12,0,D,,SYSTEM,2025-01-01 00:00:00,SYSTEM,2025-01-01 00:00:00
269,54,2024-Q4,LEAD_TIME_ADHERENCE,86.78,95,B,,SYSTEM,2025-01-01 00:00:00,SYSTEM,2025-01-01 00:00:00
270,54,2024-Q4,OVERALL_SCORE,86.72,95,B,,SYSTEM,2025-01-01 00:00:00,SYSTEM,2025-01-01 00:00:00
271,55,2024-Q4,ON_TIME_DELIVERY,97.97,95,A,,SYSTEM,2025-01-01 00:00:00,SYSTEM,2025-01-01 00:00:00
272,55,2024-Q4,QUALITY_ACCEPTANCE,72.39,95,D,,SYSTEM,2025-01-01 00:00:00,SYSTEM,2025-01-01 00:00:00
273,55,2024-Q4,PRICE_VARIANCE,-3.03,0,D,,SYSTEM,2025-01-01 00:00:00,SYSTEM,2025-01-01 00:00:00
274,55,2024-Q4,LEAD_TIME_ADHERENCE,94.35,95,B,,SYSTEM,2025-01-01 00:00:00,SYSTEM,2025-01-01 00:00:00
275,55,2024-Q4,OVERALL_SCORE,71.59,95,D,,SYSTEM,2025-01-01 00:00:00,SYSTEM,2025-01-01 00:00:00
276,56,2024-Q4,ON_TIME_DELIVERY,87.23,95,B,,SYSTEM,2025-01-01 00:00:00,SYSTEM,2025-01-01 00:00:00
277,56,2024-Q4,QUALITY_ACCEPTANCE,94.45,95,B,,SYSTEM,2025-01-01 00:00:00,SYSTEM,2025-01-01 00:00:00
278,56,2024-Q4,PRICE_VARIANCE,2.59,0,D,,SYSTEM,2025-01-01 00:00:00,SYSTEM,2025-01-01 00:00:00
279,56,2024-Q4,LEAD_TIME_ADHERENCE,77.87,95,C,,SYSTEM,2025-01-01 00:00:00,SYSTEM,2025-01-01 00:00:00
280,56,2024-Q4,OVERALL_SCORE,78.2,95,C,,SYSTEM,2025-01-01 00:00:00,SYSTEM,2025-01-01 00:00:00
281,57,2024-Q4,ON_TIME_DELIVERY,92.24,95,B,,SYSTEM,2025-01-01 00:00:00,SYSTEM,2025-01-01 00:00:00
282,57,2024-Q4,QUALITY_ACCEPTANCE,85.91,95,B,,SYSTEM,2025-01-01 00:00:00,SYSTEM,2025-01-01 00:00:00
283,57,2024-Q4,PRICE_VARIANCE,0.75,0,D,,SYSTEM,2025-01-01 00:00:00,SYSTEM,2025-01-01 00:00:00
284,57,2024-Q4,LEAD_TIME_ADHERENCE,78.96,95,C,,SYSTEM,2025-01-01 00:00:00,SYSTEM,2025-01-01 00:00:00
285,57,2024-Q4,OVERALL_SCORE,71.01,95,D,,SYSTEM,2025-01-01 00:00:00,SYSTEM,2025-01-01 00:00:00
286,58,2024-Q4,ON_TIME_DELIVERY,94.54,95,B,,SYSTEM,2025-01-01 00:00:00,SYSTEM,2025-01-01 00:00:00
287,58,2024-Q4,QUALITY_ACCEPTANCE,95.27,95,A,,SYSTEM,2025-01-01 00:00:00,SYSTEM,2025-01-01 00:00:00
288,58,2024-Q4,PRICE_VARIANCE,-7.3,0,D,,SYSTEM,2025-01-01 00:00:00,SYSTEM,2025-01-01 00:00:00
289,58,2024-Q4,LEAD_TIME_ADHERENCE,97.99,95,A,,SYSTEM,2025-01-01 00:00:00,SYSTEM,2025-01-01 00:00:00
290,58,2024-Q4,OVERALL_SCORE,74.27,95,D,,SYSTEM,2025-01-01 00:00:00,SYSTEM,2025-01-01 00:00:00
291,59,2024-Q4,ON_TIME_DELIVERY,75.23,95,C,,SYSTEM,2025-01-01 00:00:00,SYSTEM,2025-01-01 00:00:00
292,59,2024-Q4,QUALITY_ACCEPTANCE,72.38,95,D,,SYSTEM,2025-01-01 00:00:00,SYSTEM,2025-01-01 00:00:00
293,59,2024-Q4,PRICE_VARIANCE,5.74,0,D,,SYSTEM,2025-01-01 00:00:00,SYSTEM,2025-01-01 00:00:00
294,59,2024-Q4,LEAD_TIME_ADHERENCE,82.94,95,C,,SYSTEM,2025-01-01 00:00:00,SYSTEM,2025-01-01 00:00:00
295,59,2024-Q4,OVERALL_SCORE,87.08,95,B,,SYSTEM,2025-01-01 00:00:00,SYSTEM,2025-01-01 00:00:00
296,60,2024-Q4,ON_TIME_DELIVERY,76.86,95,C,,SYSTEM,2025-01-01 00:00:00,SYSTEM,2025-01-01 00:00:00
297,60,2024-Q4,QUALITY_ACCEPTANCE,88.54,95,B,,SYSTEM,2025-01-01 00:00:00,SYSTEM,2025-01-01 00:00:00
298,60,2024-Q4,PRICE_VARIANCE,-1.58,0,D,,SYSTEM,2025-01-01 00:00:00,SYSTEM,2025-01-01 00:00:00
299,60,2024-Q4,LEAD_TIME_ADHERENCE,76.53,95,C,,SYSTEM,2025-01-01 00:00:00,SYSTEM,2025-01-01 00:00:00
300,60,2024-Q4,OVERALL_SCORE,81.15,95,C,,SYSTEM,2025-01-01 00:00:00,SYSTEM,2025-01-01 00:00:00
301,61,2024-Q4,ON_TIME_DELIVERY,91.84,95,B,,SYSTEM,2025-01-01 00:00:00,SYSTEM,2025-01-01 00:00:00
302,61,2024-Q4,QUALITY_ACCEPTANCE,92.4,95,B,,SYSTEM,2025-01-01 00:00:00,SYSTEM,2025-01-01 00:00:00
303,61,2024-Q4,PRICE_VARIANCE,-2.87,0,D,,SYSTEM,2025-01-01 00:00:00,SYSTEM,2025-01-01 00:00:00
304,61,2024-Q4,LEAD_TIME_ADHERENCE,87.54,95,B,,SYSTEM,2025-01-01 00:00:00,SYSTEM,2025-01-01 00:00:00
305,61,2024-Q4,OVERALL_SCORE,93.1,95,B,,SYSTEM,2025-01-01 00:00:00,SYSTEM,2025-01-01 00:00:00
306,62,2024-Q4,ON_TIME_DELIVERY,96.55,95,A,,SYSTEM,2025-01-01 00:00:00,SYSTEM,2025-01-01 00:00:00
307,62,2024-Q4,QUALITY_ACCEPTANCE,75.11,95,C,,SYSTEM,2025-01-01 00:00:00,SYSTEM,2025-01-01 00:00:00
308,62,2024-Q4,PRICE_VARIANCE,-3.89,0,D,,SYSTEM,2025-01-01 00:00:00,SYSTEM,2025-01-01 00:00:00
309,62,2024-Q4,LEAD_TIME_ADHERENCE,98.84,95,A,,SYSTEM,2025-01-01 00:00:00,SYSTEM,2025-01-01 00:00:00
310,62,2024-Q4,OVERALL_SCORE,89.77,95,B,,SYSTEM,2025-01-01 00:00:00,SYSTEM,2025-01-01 00:00:00
311,63,2024-Q4,ON_TIME_DELIVERY,86.91,95,B,,SYSTEM,2025-01-01 00:00:00,SYSTEM,2025-01-01 00:00:00
312,63,2024-Q4,QUALITY_ACCEPTANCE,75.5,95,C,,SYSTEM,2025-01-01 00:00:00,SYSTEM,2025-01-01 00:00:00
313,63,2024-Q4,PRICE_VARIANCE,-9.85,0,D,,SYSTEM,2025-01-01 00:00:00,SYSTEM,2025-01-01 00:00:00
314,63,2024-Q4,LEAD_TIME_ADHERENCE,75.4,95,C,,SYSTEM,2025-01-01 00:00:00,SYSTEM,2025-01-01 00:00:00
315,63,2024-Q4,OVERALL_SCORE,80.43,95,C,,SYSTEM,2025-01-01 00:00:00,SYSTEM,2025-01-01 00:00:00
316,64,2024-Q4,ON_TIME_DELIVERY,93.84,95,B,,SYSTEM,2025-01-01 00:00:00,SYSTEM,2025-01-01 00:00:00
317,64,2024-Q4,QUALITY_ACCEPTANCE,86.48,95,B,,SYSTEM,2025-01-01 00:00:00,SYSTEM,2025-01-01 00:00:00
318,64,2024-Q4,PRICE_VARIANCE,8.42,0,D,,SYSTEM,2025-01-01 00:00:00,SYSTEM,2025-01-01 00:00:00
319,64,2024-Q4,LEAD_TIME_ADHERENCE,85.46,95,B,,SYSTEM,2025-01-01 00:00:00,SYSTEM,2025-01-01 00:00:00
320,64,2024-Q4,OVERALL_SCORE,93.51,95,B,,SYSTEM,2025-01-01 00:00:00,SYSTEM,2025-01-01 00:00:00
321,65,2024-Q4,ON_TIME_DELIVERY,80.31,95,C,,SYSTEM,2025-01-01 00:00:00,SYSTEM,2025-01-01 00:00:00
322,65,2024-Q4,QUALITY_ACCEPTANCE,91.97,95,B,,SYSTEM,2025-01-01 00:00:00,SYSTEM,2025-01-01 00:00:00
323,65,2024-Q4,PRICE_VARIANCE,3.18,0,D,,SYSTEM,2025-01-01 00:00:00,SYSTEM,2025-01-01 00:00:00
324,65,2024-Q4,LEAD_TIME_ADHERENCE,87.12,95,B,,SYSTEM,2025-01-01 00:00:00,SYSTEM,2025-01-01 00:00:00
325,65,2024-Q4,OVERALL_SCORE,95.44,95,A,,SYSTEM,2025-01-01 00:00:00,SYSTEM,2025-01-01 00:00:00
326,66,2024-Q4,ON_TIME_DELIVERY,97.15,95,A,,SYSTEM,2025-01-01 00:00:00,SYSTEM,2025-01-01 00:00:00
327,66,2024-Q4,QUALITY_ACCEPTANCE,72.3,95,D,,SYSTEM,2025-01-01 00:00:00,SYSTEM,2025-01-01 00:00:00
328,66,2024-Q4,PRICE_VARIANCE,5.84,0,D,,SYSTEM,2025-01-01 00:00:00,SYSTEM,2025-01-01 00:00:00
329,66,2024-Q4,LEAD_TIME_ADHERENCE,81.29,95,C,,SYSTEM,2025-01-01 00:00:00,SYSTEM,2025-01-01 00:00:00
330,66,2024-Q4,OVERALL_SCORE,90.09,95,B,,SYSTEM,2025-01-01 00:00:00,SYSTEM,2025-01-01 00:00:00
331,67,2024-Q4,ON_TIME_DELIVERY,75.55,95,C,,SYSTEM,2025-01-01 00:00:00,SYSTEM,2025-01-01 00:00:00
332,67,2024-Q4,QUALITY_ACCEPTANCE,83.06,95,C,,SYSTEM,2025-01-01 00:00:00,SYSTEM,2025-01-01 00:00:00
333,67,2024-Q4,PRICE_VARIANCE,5.66,0,D,,SYSTEM,2025-01-01 00:00:00,SYSTEM,2025-01-01 00:00:00
334,67,2024-Q4,LEAD_TIME_ADHERENCE,88.85,95,B,,SYSTEM,2025-01-01 00:00:00,SYSTEM,2025-01-01 00:00:00
335,67,2024-Q4,OVERALL_SCORE,70.85,95,D,,SYSTEM,2025-01-01 00:00:00,SYSTEM,2025-01-01 00:00:00
336,68,2024-Q4,ON_TIME_DELIVERY,81.35,95,C,,SYSTEM,2025-01-01 00:00:00,SYSTEM,2025-01-01 00:00:00
337,68,2024-Q4,QUALITY_ACCEPTANCE,81.53,95,C,,SYSTEM,2025-01-01 00:00:00,SYSTEM,2025-01-01 00:00:00
338,68,2024-Q4,PRICE_VARIANCE,-8.44,0,D,,SYSTEM,2025-01-01 00:00:00,SYSTEM,2025-01-01 00:00:00
339,68,2024-Q4,LEAD_TIME_ADHERENCE,70.24,95,D,,SYSTEM,2025-01-01 00:00:00,SYSTEM,2025-01-01 00:00:00
340,68,2024-Q4,OVERALL_SCORE,96.2,95,A,,SYSTEM,2025-01-01 00:00:00,SYSTEM,2025-01-01 00:00:00
341,69,2024-Q4,ON_TIME_DELIVERY,92.06,95,B,,SYSTEM,2025-01-01 00:00:00,SYSTEM,2025-01-01 00:00:00
342,69,2024-Q4,QUALITY_ACCEPTANCE,86.83,95,B,,SYSTEM,2025-01-01 00:00:00,SYSTEM,2025-01-01 00:00:00
343,69,2024-Q4,PRICE_VARIANCE,5.66,0,D,,SYSTEM,2025-01-01 00:00:00,SYSTEM,2025-01-01 00:00:00
344,69,2024-Q4,LEAD_TIME_ADHERENCE,85.91,95,B,,SYSTEM,2025-01-01 00:00:00,SYSTEM,2025-01-01 00:00:00
345,69,2024-Q4,OVERALL_SCORE,91.14,95,B,,SYSTEM,2025-01-01 00:00:00,SYSTEM,2025-01-01 00:00:00
346,70,2024-Q4,ON_TIME_DELIVERY,95.27,95,A,,SYSTEM,2025-01-01 00:00:00,SYSTEM,2025-01-01 00:00:00
347,70,2024-Q4,QUALITY_ACCEPTANCE,75.56,95,C,,SYSTEM,2025-01-01 00:00:00,SYSTEM,2025-01-01 00:00:00
348,70,2024-Q4,PRICE_VARIANCE,7.0,0,D,,SYSTEM,2025-01-01 00:00:00,SYSTEM,2025-01-01 00:00:00
349,70,2024-Q4,LEAD_TIME_ADHERENCE,98.54,95,A,,SYSTEM,2025-01-01 00:00:00,SYSTEM,2025-01-01 00:00:00
350,70,2024-Q4,OVERALL_SCORE,88.63,95,B,,SYSTEM,2025-01-01 00:00:00,SYSTEM,2025-01-01 00:00:00
351,71,2024-Q4,ON_TIME_DELIVERY,82.21,95,C,,SYSTEM,2025-01-01 00:00:00,SYSTEM,2025-01-01 00:00:00
352,71,2024-Q4,QUALITY_ACCEPTANCE,87.56,95,B,,SYSTEM,2025-01-01 00:00:00,SYSTEM,2025-01-01 00:00:00
353,71,2024-Q4,PRICE_VARIANCE,6.84,0,D,,SYSTEM,2025-01-01 00:00:00,SYSTEM,2025-01-01 00:00:00
354,71,2024-Q4,LEAD_TIME_ADHERENCE,70.25,95,D,,SYSTEM,2025-01-01 00:00:00,SYSTEM,2025-01-01 00:00:00
355,71,2024-Q4,OVERALL_SCORE,78.73,95,C,,SYSTEM,2025-01-01 00:00:00,SYSTEM,2025-01-01 00:00:00
356,72,2024-Q4,ON_TIME_DELIVERY,89.32,95,B,,SYSTEM,2025-01-01 00:00:00,SYSTEM,2025-01-01 00:00:00
357,72,2024-Q4,QUALITY_ACCEPTANCE,75.24,95,C,,SYSTEM,2025-01-01 00:00:00,SYSTEM,2025-01-01 00:00:00
358,72,2024-Q4,PRICE_VARIANCE,-1.6,0,D,,SYSTEM,2025-01-01 00:00:00,SYSTEM,2025-01-01 00:00:00
359,72,2024-Q4,LEAD_TIME_ADHERENCE,74.17,95,D,,SYSTEM,2025-01-01 00:00:00,SYSTEM,2025-01-01 00:00:00
360,72,2024-Q4,OVERALL_SCORE,77.99,95,C,,SYSTEM,2025-01-01 00:00:00,SYSTEM,2025-01-01 00:00:00
361,73,2024-Q4,ON_TIME_DELIVERY,76.08,95,C,,SYSTEM,2025-01-01 00:00:00,SYSTEM,2025-01-01 00:00:00
362,73,2024-Q4,QUALITY_ACCEPTANCE,96.33,95,A,,SYSTEM,2025-01-01 00:00:00,SYSTEM,2025-01-01 00:00:00
363,73,2024-Q4,PRICE_VARIANCE,3.6,0,D,,SYSTEM,2025-01-01 00:00:00,SYSTEM,2025-01-01 00:00:00
364,73,2024-Q4,LEAD_TIME_ADHERENCE,83.54,95,C,,SYSTEM,2025-01-01 00:00:00,SYSTEM,2025-01-01 00:00:00
365,73,2024-Q4,OVERALL_SCORE,82.3,95,C,,SYSTEM,2025-01-01 00:00:00,SYSTEM,2025-01-01 00:00:00
366,74,2024-Q4,ON_TIME_DELIVERY,85.74,95,B,,SYSTEM,2025-01-01 00:00:00,SYSTEM,2025-01-01 00:00:00
367,74,2024-Q4,QUALITY_ACCEPTANCE,98.82,95,A,,SYSTEM,2025-01-01 00:00:00,SYSTEM,2025-01-01 00:00:00
368,74,2024-Q4,PRICE_VARIANCE,2.91,0,D,,SYSTEM,2025-01-01 00:00:00,SYSTEM,2025-01-01 00:00:00
369,74,2024-Q4,LEAD_TIME_ADHERENCE,84.17,95,C,,SYSTEM,2025-01-01 00:00:00,SYSTEM,2025-01-01 00:00:00
370,74,2024-Q4,OVERALL_SCORE,72.07,95,D,,SYSTEM,2025-01-01 00:00:00,SYSTEM,2025-01-01 00:00:00
371,75,2024-Q4,ON_TIME_DELIVERY,94.71,95,B,,SYSTEM,2025-01-01 00:00:00,SYSTEM,2025-01-01 00:00:00
372,75,2024-Q4,QUALITY_ACCEPTANCE,84.73,95,C,,SYSTEM,2025-01-01 00:00:00,SYSTEM,2025-01-01 00:00:00
373,75,2024-Q4,PRICE_VARIANCE,9.08,0,D,,SYSTEM,2025-01-01 00:00:00,SYSTEM,2025-01-01 00:00:00
374,75,2024-Q4,LEAD_TIME_ADHERENCE,72.24,95,D,,SYSTEM,2025-01-01 00:00:00,SYSTEM,2025-01-01 00:00:00
375,75,2024-Q4,OVERALL_SCORE,72.02,95,D,,SYSTEM,2025-01-01 00:00:00,SYSTEM,2025-01-01 00:00:00
376,76,2024-Q4,ON_TIME_DELIVERY,79.22,95,C,,SYSTEM,2025-01-01 00:00:00,SYSTEM,2025-01-01 00:00:00
377,76,2024-Q4,QUALITY_ACCEPTANCE,72.6,95,D,,SYSTEM,2025-01-01 00:00:00,SYSTEM,2025-01-01 00:00:00
378,76,2024-Q4,PRICE_VARIANCE,4.02,0,D,,SYSTEM,2025-01-01 00:00:00,SYSTEM,2025-01-01 00:00:00
379,76,2024-Q4,LEAD_TIME_ADHERENCE,78.56,95,C,,SYSTEM,2025-01-01 00:00:00,SYSTEM,2025-01-01 00:00:00
380,76,2024-Q4,OVERALL_SCORE,70.66,95,D,,SYSTEM,2025-01-01 00:00:00,SYSTEM,2025-01-01 00:00:00
381,77,2024-Q4,ON_TIME_DELIVERY,82.66,95,C,,SYSTEM,2025-01-01 00:00:00,SYSTEM,2025-01-01 00:00:00
382,77,2024-Q4,QUALITY_ACCEPTANCE,90.88,95,B,,SYSTEM,2025-01-01 00:00:00,SYSTEM,2025-01-01 00:00:00
383,77,2024-Q4,PRICE_VARIANCE,-4.18,0,D,,SYSTEM,2025-01-01 00:00:00,SYSTEM,2025-01-01 00:00:00
384,77,2024-Q4,LEAD_TIME_ADHERENCE,89.77,95,B,,SYSTEM,2025-01-01 00:00:00,SYSTEM,2025-01-01 00:00:00
385,77,2024-Q4,OVERALL_SCORE,94.32,95,B,,SYSTEM,2025-01-01 00:00:00,SYSTEM,2025-01-01 00:00:00
386,78,2024-Q4,ON_TIME_DELIVERY,77.46,95,C,,SYSTEM,2025-01-01 00:00:00,SYSTEM,2025-01-01 00:00:00
387,78,2024-Q4,QUALITY_ACCEPTANCE,87.96,95,B,,SYSTEM,2025-01-01 00:00:00,SYSTEM,2025-01-01 00:00:00
388,78,2024-Q4,PRICE_VARIANCE,5.24,0,D,,SYSTEM,2025-01-01 00:00:00,SYSTEM,2025-01-01 00:00:00
389,78,2024-Q4,LEAD_TIME_ADHERENCE,84.23,95,C,,SYSTEM,2025-01-01 00:00:00,SYSTEM,2025-01-01 00:00:00
390,78,2024-Q4,OVERALL_SCORE,93.3,95,B,,SYSTEM,2025-01-01 00:00:00,SYSTEM,2025-01-01 00:00:00
391,79,2024-Q4,ON_TIME_DELIVERY,81.92,95,C,,SYSTEM,2025-01-01 00:00:00,SYSTEM,2025-01-01 00:00:00
392,79,2024-Q4,QUALITY_ACCEPTANCE,91.09,95,B,,SYSTEM,2025-01-01 00:00:00,SYSTEM,2025-01-01 00:00:00
393,79,2024-Q4,PRICE_VARIANCE,4.24,0,D,,SYSTEM,2025-01-01 00:00:00,SYSTEM,2025-01-01 00:00:00
394,79,2024-Q4,LEAD_TIME_ADHERENCE,72.32,95,D,,SYSTEM,2025-01-01 00:00:00,SYSTEM,2025-01-01 00:00:00
395,79,2024-Q4,OVERALL_SCORE,83.22,95,C,,SYSTEM,2025-01-01 00:00:00,SYSTEM,2025-01-01 00:00:00
396,80,2024-Q4,ON_TIME_DELIVERY,90.94,95,B,,SYSTEM,2025-01-01 00:00:00,SYSTEM,2025-01-01 00:00:00
397,80,2024-Q4,QUALITY_ACCEPTANCE,84.53,95,C,,SYSTEM,2025-01-01 00:00:00,SYSTEM,2025-01-01 00:00:00
398,80,2024-Q4,PRICE_VARIANCE,1.82,0,D,,SYSTEM,2025-01-01 00:00:00,SYSTEM,2025-01-01 00:00:00
399,80,2024-Q4,LEAD_TIME_ADHERENCE,90.93,95,B,,SYSTEM,2025-01-01 00:00:00,SYSTEM,2025-01-01 00:00:00
400,80,2024-Q4,OVERALL_SCORE,78.66,95,C,,SYSTEM,2025-01-01 00:00:00,SYSTEM,2025-01-01 00:00:00
401,81,2024-Q4,ON_TIME_DELIVERY,82.36,95,C,,SYSTEM,2025-01-01 00:00:00,SYSTEM,2025-01-01 00:00:00
402,81,2024-Q4,QUALITY_ACCEPTANCE,74.02,95,D,,SYSTEM,2025-01-01 00:00:00,SYSTEM,2025-01-01 00:00:00
403,81,2024-Q4,PRICE_VARIANCE,8.62,0,D,,SYSTEM,2025-01-01 00:00:00,SYSTEM,2025-01-01 00:00:00
404,81,2024-Q4,LEAD_TIME_ADHERENCE,82.34,95,C,,SYSTEM,2025-01-01 00:00:00,SYSTEM,2025-01-01 00:00:00
405,81,2024-Q4,OVERALL_SCORE,79.59,95,C,,SYSTEM,2025-01-01 00:00:00,SYSTEM,2025-01-01 00:00:00
406,82,2024-Q4,ON_TIME_DELIVERY,78.82,95,C,,SYSTEM,2025-01-01 00:00:00,SYSTEM,2025-01-01 00:00:00
407,82,2024-Q4,QUALITY_ACCEPTANCE,86.4,95,B,,SYSTEM,2025-01-01 00:00:00,SYSTEM,2025-01-01 00:00:00
408,82,2024-Q4,PRICE_VARIANCE,-3.76,0,D,,SYSTEM,2025-01-01 00:00:00,SYSTEM,2025-01-01 00:00:00
409,82,2024-Q4,LEAD_TIME_ADHERENCE,99.08,95,A,,SYSTEM,2025-01-01 00:00:00,SYSTEM,2025-01-01 00:00:00
410,82,2024-Q4,OVERALL_SCORE,85.96,95,B,,SYSTEM,2025-01-01 00:00:00,SYSTEM,2025-01-01 00:00:00
411,83,2024-Q4,ON_TIME_DELIVERY,70.79,95,D,,SYSTEM,2025-01-01 00:00:00,SYSTEM,2025-01-01 00:00:00
412,83,2024-Q4,QUALITY_ACCEPTANCE,81.12,95,C,,SYSTEM,2025-01-01 00:00:00,SYSTEM,2025-01-01 00:00:00
413,83,2024-Q4,PRICE_VARIANCE,3.63,0,D,,SYSTEM,2025-01-01 00:00:00,SYSTEM,2025-01-01 00:00:00
414,83,2024-Q4,LEAD_TIME_ADHERENCE,94.24,95,B,,SYSTEM,2025-01-01 00:00:00,SYSTEM,2025-01-01 00:00:00
415,83,2024-Q4,OVERALL_SCORE,87.13,95,B,,SYSTEM,2025-01-01 00:00:00,SYSTEM,2025-01-01 00:00:00
416,84,2024-Q4,ON_TIME_DELIVERY,77.86,95,C,,SYSTEM,2025-01-01 00:00:00,SYSTEM,2025-01-01 00:00:00
417,84,2024-Q4,QUALITY_ACCEPTANCE,73.07,95,D,,SYSTEM,2025-01-01 00:00:00,SYSTEM,2025-01-01 00:00:00
418,84,2024-Q4,PRICE_VARIANCE,3.7,0,D,,SYSTEM,2025-01-01 00:00:00,SYSTEM,2025-01-01 00:00:00
419,84,2024-Q4,LEAD_TIME_ADHERENCE,80.08,95,C,,SYSTEM,2025-01-01 00:00:00,SYSTEM,2025-01-01 00:00:00
420,84,2024-Q4,OVERALL_SCORE,75.71,95,C,,SYSTEM,2025-01-01 00:00:00,SYSTEM,2025-01-01 00:00:00
421,85,2024-Q4,ON_TIME_DELIVERY,83.06,95,C,,SYSTEM,2025-01-01 00:00:00,SYSTEM,2025-01-01 00:00:00
422,85,2024-Q4,QUALITY_ACCEPTANCE,75.57,95,C,,SYSTEM,2025-01-01 00:00:00,SYSTEM,2025-01-01 00:00:00
423,85,2024-Q4,PRICE_VARIANCE,6.67,0,D,,SYSTEM,2025-01-01 00:00:00,SYSTEM,2025-01-01 00:00:00
424,85,2024-Q4,LEAD_TIME_ADHERENCE,93.32,95,B,,SYSTEM,2025-01-01 00:00:00,SYSTEM,2025-01-01 00:00:00
425,85,2024-Q4,OVERALL_SCORE,89.74,95,B,,SYSTEM,2025-01-01 00:00:00,SYSTEM,2025-01-01 00:00:00
426,86,2024-Q4,ON_TIME_DELIVERY,98.87,95,A,,SYSTEM,2025-01-01 00:00:00,SYSTEM,2025-01-01 00:00:00
427,86,2024-Q4,QUALITY_ACCEPTANCE,85.37,95,B,,SYSTEM,2025-01-01 00:00:00,SYSTEM,2025-01-01 00:00:00
428,86,2024-Q4,PRICE_VARIANCE,1.89,0,D,,SYSTEM,2025-01-01 00:00:00,SYSTEM,2025-01-01 00:00:00
429,86,2024-Q4,LEAD_TIME_ADHERENCE,84.77,95,C,,SYSTEM,2025-01-01 00:00:00,SYSTEM,2025-01-01 00:00:00
430,86,2024-Q4,OVERALL_SCORE,76.12,95,C,,SYSTEM,2025-01-01 00:00:00,SYSTEM,2025-01-01 00:00:00
431,87,2024-Q4,ON_TIME_DELIVERY,73.82,95,D,,SYSTEM,2025-01-01 00:00:00,SYSTEM,2025-01-01 00:00:00
432,87,2024-Q4,QUALITY_ACCEPTANCE,74.14,95,D,,SYSTEM,2025-01-01 00:00:00,SYSTEM,2025-01-01 00:00:00
433,87,2024-Q4,PRICE_VARIANCE,-7.58,0,D,,SYSTEM,2025-01-01 00:00:00,SYSTEM,2025-01-01 00:00:00
434,87,2024-Q4,LEAD_TIME_ADHERENCE,97.52,95,A,,SYSTEM,2025-01-01 00:00:00,SYSTEM,2025-01-01 00:00:00
435,87,2024-Q4,OVERALL_SCORE,71.54,95,D,,SYSTEM,2025-01-01 00:00:00,SYSTEM,2025-01-01 00:00:00
436,88,2024-Q4,ON_TIME_DELIVERY,96.66,95,A,,SYSTEM,2025-01-01 00:00:00,SYSTEM,2025-01-01 00:00:00
437,88,2024-Q4,QUALITY_ACCEPTANCE,76.29,95,C,,SYSTEM,2025-01-01 00:00:00,SYSTEM,2025-01-01 00:00:00
438,88,2024-Q4,PRICE_VARIANCE,7.31,0,D,,SYSTEM,2025-01-01 00:00:00,SYSTEM,2025-01-01 00:00:00
439,88,2024-Q4,LEAD_TIME_ADHERENCE,85.19,95,B,,SYSTEM,2025-01-01 00:00:00,SYSTEM,2025-01-01 00:00:00
440,88,2024-Q4,OVERALL_SCORE,80.12,95,C,,SYSTEM,2025-01-01 00:00:00,SYSTEM,2025-01-01 00:00:00
441,89,2024-Q4,ON_TIME_DELIVERY,72.46,95,D,,SYSTEM,2025-01-01 00:00:00,SYSTEM,2025-01-01 00:00:00
442,89,2024-Q4,QUALITY_ACCEPTANCE,84.78,95,C,,SYSTEM,2025-01-01 00:00:00,SYSTEM,2025-01-01 00:00:00
443,89,2024-Q4,PRICE_VARIANCE,5.42,0,D,,SYSTEM,2025-01-01 00:00:00,SYSTEM,2025-01-01 00:00:00
444,89,2024-Q4,LEAD_TIME_ADHERENCE,97.78,95,A,,SYSTEM,2025-01-01 00:00:00,SYSTEM,2025-01-01 00:00:00
445,89,2024-Q4,OVERALL_SCORE,81.4,95,C,,SYSTEM,2025-01-01 00:00:00,SYSTEM,2025-01-01 00:00:00
446,90,2024-Q4,ON_TIME_DELIVERY,92.29,95,B,,SYSTEM,2025-01-01 00:00:00,SYSTEM,2025-01-01 00:00:00
447,90,2024-Q4,QUALITY_ACCEPTANCE,88.8,95,B,,SYSTEM,2025-01-01 00:00:00,SYSTEM,2025-01-01 00:00:00
448,90,2024-Q4,PRICE_VARIANCE,-0.84,0,D,,SYSTEM,2025-01-01 00:00:00,SYSTEM,2025-01-01 00:00:00
449,90,2024-Q4,LEAD_TIME_ADHERENCE,99.5,95,A,,SYSTEM,2025-01-01 00:00:00,SYSTEM,2025-01-01 00:00:00
450,90,2024-Q4,OVERALL_SCORE,86.83,95,B,,SYSTEM,2025-01-01 00:00:00,SYSTEM,2025-01-01 00:00:00
451,91,2024-Q4,ON_TIME_DELIVERY,75.93,95,C,,SYSTEM,2025-01-01 00:00:00,SYSTEM,2025-01-01 00:00:00
452,91,2024-Q4,QUALITY_ACCEPTANCE,82.96,95,C,,SYSTEM,2025-01-01 00:00:00,SYSTEM,2025-01-01 00:00:00
453,91,2024-Q4,PRICE_VARIANCE,-3.61,0,D,,SYSTEM,2025-01-01 00:00:00,SYSTEM,2025-01-01 00:00:00
454,91,2024-Q4,LEAD_TIME_ADHERENCE,71.92,95,D,,SYSTEM,2025-01-01 00:00:00,SYSTEM,2025-01-01 00:00:00
455,91,2024-Q4,OVERALL_SCORE,85.0,95,C,,SYSTEM,2025-01-01 00:00:00,SYSTEM,2025-01-01 00:00:00
456,92,2024-Q4,ON_TIME_DELIVERY,79.31,95,C,,SYSTEM,2025-01-01 00:00:00,SYSTEM,2025-01-01 00:00:00
457,92,2024-Q4,QUALITY_ACCEPTANCE,78.3,95,C,,SYSTEM,2025-01-01 00:00:00,SYSTEM,2025-01-01 00:00:00
458,92,2024-Q4,PRICE_VARIANCE,-2.97,0,D,,SYSTEM,2025-01-01 00:00:00,SYSTEM,2025-01-01 00:00:00
459,92,2024-Q4,LEAD_TIME_ADHERENCE,96.7,95,A,,SYSTEM,2025-01-01 00:00:00,SYSTEM,2025-01-01 00:00:00
460,92,2024-Q4,OVERALL_SCORE,90.39,95,B,,SYSTEM,2025-01-01 00:00:00,SYSTEM,2025-01-01 00:00:00
461,93,2024-Q4,ON_TIME_DELIVERY,84.59,95,C,,SYSTEM,2025-01-01 00:00:00,SYSTEM,2025-01-01 00:00:00
462,93,2024-Q4,QUALITY_ACCEPTANCE,75.25,95,C,,SYSTEM,2025-01-01 00:00:00,SYSTEM,2025-01-01 00:00:00
463,93,2024-Q4,PRICE_VARIANCE,2.87,0,D,,SYSTEM,2025-01-01 00:00:00,SYSTEM,2025-01-01 00:00:00
464,93,2024-Q4,LEAD_TIME_ADHERENCE,94.49,95,B,,SYSTEM,2025-01-01 00:00:00,SYSTEM,2025-01-01 00:00:00
465,93,2024-Q4,OVERALL_SCORE,93.67,95,B,,SYSTEM,2025-01-01 00:00:00,SYSTEM,2025-01-01 00:00:00
466,94,2024-Q4,ON_TIME_DELIVERY,71.0,95,D,,SYSTEM,2025-01-01 00:00:00,SYSTEM,2025-01-01 00:00:00
467,94,2024-Q4,QUALITY_ACCEPTANCE,79.05,95,C,,SYSTEM,2025-01-01 00:00:00,SYSTEM,2025-01-01 00:00:00
468,94,2024-Q4,PRICE_VARIANCE,4.13,0,D,,SYSTEM,2025-01-01 00:00:00,SYSTEM,2025-01-01 00:00:00
469,94,2024-Q4,LEAD_TIME_ADHERENCE,91.9,95,B,,SYSTEM,2025-01-01 00:00:00,SYSTEM,2025-01-01 00:00:00
470,94,2024-Q4,OVERALL_SCORE,72.73,95,D,,SYSTEM,2025-01-01 00:00:00,SYSTEM,2025-01-01 00:00:00
471,95,2024-Q4,ON_TIME_DELIVERY,84.73,95,C,,SYSTEM,2025-01-01 00:00:00,SYSTEM,2025-01-01 00:00:00
472,95,2024-Q4,QUALITY_ACCEPTANCE,81.87,95,C,,SYSTEM,2025-01-01 00:00:00,SYSTEM,2025-01-01 00:00:00
473,95,2024-Q4,PRICE_VARIANCE,-7.21,0,D,,SYSTEM,2025-01-01 00:00:00,SYSTEM,2025-01-01 00:00:00
474,95,2024-Q4,LEAD_TIME_ADHERENCE,72.76,95,D,,SYSTEM,2025-01-01 00:00:00,SYSTEM,2025-01-01 00:00:00
475,95,2024-Q4,OVERALL_SCORE,91.16,95,B,,SYSTEM,2025-01-01 00:00:00,SYSTEM,2025-01-01 00:00:00
476,96,2024-Q4,ON_TIME_DELIVERY,87.28,95,B,,SYSTEM,2025-01-01 00:00:00,SYSTEM,2025-01-01 00:00:00
477,96,2024-Q4,QUALITY_ACCEPTANCE,90.17,95,B,,SYSTEM,2025-01-01 00:00:00,SYSTEM,2025-01-01 00:00:00
478,96,2024-Q4,PRICE_VARIANCE,-3.48,0,D,,SYSTEM,2025-01-01 00:00:00,SYSTEM,2025-01-01 00:00:00
479,96,2024-Q4,LEAD_TIME_ADHERENCE,93.75,95,B,,SYSTEM,2025-01-01 00:00:00,SYSTEM,2025-01-01 00:00:00
480,96,2024-Q4,OVERALL_SCORE,86.84,95,B,,SYSTEM,2025-01-01 00:00:00,SYSTEM,2025-01-01 00:00:00
481,97,2024-Q4,ON_TIME_DELIVERY,90.49,95,B,,SYSTEM,2025-01-01 00:00:00,SYSTEM,2025-01-01 00:00:00
482,97,2024-Q4,QUALITY_ACCEPTANCE,73.61,95,D,,SYSTEM,2025-01-01 00:00:00,SYSTEM,2025-01-01 00:00:00
483,97,2024-Q4,PRICE_VARIANCE,-5.92,0,D,,SYSTEM,2025-01-01 00:00:00,SYSTEM,2025-01-01 00:00:00
484,97,2024-Q4,LEAD_TIME_ADHERENCE,97.11,95,A,,SYSTEM,2025-01-01 00:00:00,SYSTEM,2025-01-01 00:00:00
485,97,2024-Q4,OVERALL_SCORE,82.55,95,C,,SYSTEM,2025-01-01 00:00:00,SYSTEM,2025-01-01 00:00:00
486,98,2024-Q4,ON_TIME_DELIVERY,91.66,95,B,,SYSTEM,2025-01-01 00:00:00,SYSTEM,2025-01-01 00:00:00
487,98,2024-Q4,QUALITY_ACCEPTANCE,71.42,95,D,,SYSTEM,2025-01-01 00:00:00,SYSTEM,2025-01-01 00:00:00
488,98,2024-Q4,PRICE_VARIANCE,-8.19,0,D,,SYSTEM,2025-01-01 00:00:00,SYSTEM,2025-01-01 00:00:00
489,98,2024-Q4,LEAD_TIME_ADHERENCE,83.78,95,C,,SYSTEM,2025-01-01 00:00:00,SYSTEM,2025-01-01 00:00:00
490,98,2024-Q4,OVERALL_SCORE,81.25,95,C,,SYSTEM,2025-01-01 00:00:00,SYSTEM,2025-01-01 00:00:00
491,99,2024-Q4,ON_TIME_DELIVERY,93.23,95,B,,SYSTEM,2025-01-01 00:00:00,SYSTEM,2025-01-01 00:00:00
492,99,2024-Q4,QUALITY_ACCEPTANCE,76.27,95,C,,SYSTEM,2025-01-01 00:00:00,SYSTEM,2025-01-01 00:00:00
493,99,2024-Q4,PRICE_VARIANCE,7.88,0,D,,SYSTEM,2025-01-01 00:00:00,SYSTEM,2025-01-01 00:00:00
494,99,2024-Q4,LEAD_TIME_ADHERENCE,74.44,95,D,,SYSTEM,2025-01-01 00:00:00,SYSTEM,2025-01-01 00:00:00
495,99,2024-Q4,OVERALL_SCORE,84.78,95,C,,SYSTEM,2025-01-01 00:00:00,SYSTEM,2025-01-01 00:00:00
496,100,2024-Q4,ON_TIME_DELIVERY,80.51,95,C,,SYSTEM,2025-01-01 00:00:00,SYSTEM,2025-01-01 00:00:00
497,100,2024-Q4,QUALITY_ACCEPTANCE,70.77,95,D,,SYSTEM,2025-01-01 00:00:00,SYSTEM,2025-01-01 00:00:00
498,100,2024-Q4,PRICE_VARIANCE,8.94,0,D,,SYSTEM,2025-01-01 00:00:00,SYSTEM,2025-01-01 00:00:00
499,100,2024-Q4,LEAD_TIME_ADHERENCE,87.05,95,B,,SYSTEM,2025-01-01 00:00:00,SYSTEM,2025-01-01 00:00:00
500,100,2024-Q4,OVERALL_SCORE,87.44,95,B,,SYSTEM,2025-01-01 00:00:00,SYSTEM,2025-01-01 00:00:00
501,101,2024-Q4,ON_TIME_DELIVERY,70.67,95,D,,SYSTEM,2025-01-01 00:00:00,SYSTEM,2025-01-01 00:00:00
502,101,2024-Q4,QUALITY_ACCEPTANCE,88.52,95,B,,SYSTEM,2025-01-01 00:00:00,SYSTEM,2025-01-01 00:00:00
503,101,2024-Q4,PRICE_VARIANCE,1.32,0,D,,SYSTEM,2025-01-01 00:00:00,SYSTEM,2025-01-01 00:00:00
504,101,2024-Q4,LEAD_TIME_ADHERENCE,79.24,95,C,,SYSTEM,2025-01-01 00:00:00,SYSTEM,2025-01-01 00:00:00
505,101,2024-Q4,OVERALL_SCORE,76.59,95,C,,SYSTEM,2025-01-01 00:00:00,SYSTEM,2025-01-01 00:00:00
506,102,2024-Q4,ON_TIME_DELIVERY,95.8,95,A,,SYSTEM,2025-01-01 00:00:00,SYSTEM,2025-01-01 00:00:00
507,102,2024-Q4,QUALITY_ACCEPTANCE,98.71,95,A,,SYSTEM,2025-01-01 00:00:00,SYSTEM,2025-01-01 00:00:00
508,102,2024-Q4,PRICE_VARIANCE,-4.4,0,D,,SYSTEM,2025-01-01 00:00:00,SYSTEM,2025-01-01 00:00:00
509,102,2024-Q4,LEAD_TIME_ADHERENCE,85.23,95,B,,SYSTEM,2025-01-01 00:00:00,SYSTEM,2025-01-01 00:00:00
510,102,2024-Q4,OVERALL_SCORE,76.79,95,C,,SYSTEM,2025-01-01 00:00:00,SYSTEM,2025-01-01 00:00:00
511,103,2024-Q4,ON_TIME_DELIVERY,94.52,95,B,,SYSTEM,2025-01-01 00:00:00,SYSTEM,2025-01-01 00:00:00
512,103,2024-Q4,QUALITY_ACCEPTANCE,84.94,95,C,,SYSTEM,2025-01-01 00:00:00,SYSTEM,2025-01-01 00:00:00
513,103,2024-Q4,PRICE_VARIANCE,-5.72,0,D,,SYSTEM,2025-01-01 00:00:00,SYSTEM,2025-01-01 00:00:00
514,103,2024-Q4,LEAD_TIME_ADHERENCE,71.05,95,D,,SYSTEM,2025-01-01 00:00:00,SYSTEM,2025-01-01 00:00:00
515,103,2024-Q4,OVERALL_SCORE,97.51,95,A,,SYSTEM,2025-01-01 00:00:00,SYSTEM,2025-01-01 00:00:00
516,104,2024-Q4,ON_TIME_DELIVERY,80.01,95,C,,SYSTEM,2025-01-01 00:00:00,SYSTEM,2025-01-01 00:00:00
517,104,2024-Q4,QUALITY_ACCEPTANCE,92.03,95,B,,SYSTEM,2025-01-01 00:00:00,SYSTEM,2025-01-01 00:00:00
518,104,2024-Q4,PRICE_VARIANCE,4.5,0,D,,SYSTEM,2025-01-01 00:00:00,SYSTEM,2025-01-01 00:00:00
519,104,2024-Q4,LEAD_TIME_ADHERENCE,83.06,95,C,,SYSTEM,2025-01-01 00:00:00,SYSTEM,2025-01-01 00:00:00
520,104,2024-Q4,OVERALL_SCORE,78.62,95,C,,SYSTEM,2025-01-01 00:00:00,SYSTEM,2025-01-01 00:00:00
521,105,2024-Q4,ON_TIME_DELIVERY,74.19,95,D,,SYSTEM,2025-01-01 00:00:00,SYSTEM,2025-01-01 00:00:00
522,105,2024-Q4,QUALITY_ACCEPTANCE,99.96,95,A,,SYSTEM,2025-01-01 00:00:00,SYSTEM,2025-01-01 00:00:00
523,105,2024-Q4,PRICE_VARIANCE,8.0,0,D,,SYSTEM,2025-01-01 00:00:00,SYSTEM,2025-01-01 00:00:00
524,105,2024-Q4,LEAD_TIME_ADHERENCE,79.92,95,C,,SYSTEM,2025-01-01 00:00:00,SYSTEM,2025-01-01 00:00:00
525,105,2024-Q4,OVERALL_SCORE,86.81,95,B,,SYSTEM,2025-01-01 00:00:00,SYSTEM,2025-01-01 00:00:00
526,106,2024-Q4,ON_TIME_DELIVERY,77.13,95,C,,SYSTEM,2025-01-01 00:00:00,SYSTEM,2025-01-01 00:00:00
527,106,2024-Q4,QUALITY_ACCEPTANCE,74.88,95,D,,SYSTEM,2025-01-01 00:00:00,SYSTEM,2025-01-01 00:00:00
528,106,2024-Q4,PRICE_VARIANCE,-0.55,0,D,,SYSTEM,2025-01-01 00:00:00,SYSTEM,2025-01-01 00:00:00
529,106,2024-Q4,LEAD_TIME_ADHERENCE,70.85,95,D,,SYSTEM,2025-01-01 00:00:00,SYSTEM,2025-01-01 00:00:00
530,106,2024-Q4,OVERALL_SCORE,97.26,95,A,,SYSTEM,2025-01-01 00:00:00,SYSTEM,2025-01-01 00:00:00
531,107,2024-Q4,ON_TIME_DELIVERY,88.97,95,B,,SYSTEM,2025-01-01 00:00:00,SYSTEM,2025-01-01 00:00:00
532,107,2024-Q4,QUALITY_ACCEPTANCE,98.2,95,A,,SYSTEM,2025-01-01 00:00:00,SYSTEM,2025-01-01 00:00:00
533,107,2024-Q4,PRICE_VARIANCE,8.54,0,D,,SYSTEM,2025-01-01 00:00:00,SYSTEM,2025-01-01 00:00:00
534,107,2024-Q4,LEAD_TIME_ADHERENCE,91.59,95,B,,SYSTEM,2025-01-01 00:00:00,SYSTEM,2025-01-01 00:00:00
535,107,2024-Q4,OVERALL_SCORE,94.16,95,B,,SYSTEM,2025-01-01 00:00:00,SYSTEM,2025-01-01 00:00:00
536,108,2024-Q4,ON_TIME_DELIVERY,87.33,95,B,,SYSTEM,2025-01-01 00:00:00,SYSTEM,2025-01-01 00:00:00
537,108,2024-Q4,QUALITY_ACCEPTANCE,88.28,95,B,,SYSTEM,2025-01-01 00:00:00,SYSTEM,2025-01-01 00:00:00
538,108,2024-Q4,PRICE_VARIANCE,3.06,0,D,,SYSTEM,2025-01-01 00:00:00,SYSTEM,2025-01-01 00:00:00
539,108,2024-Q4,LEAD_TIME_ADHERENCE,86.13,95,B,,SYSTEM,2025-01-01 00:00:00,SYSTEM,2025-01-01 00:00:00
540,108,2024-Q4,OVERALL_SCORE,70.45,95,D,,SYSTEM,2025-01-01 00:00:00,SYSTEM,2025-01-01 00:00:00
541,109,2024-Q4,ON_TIME_DELIVERY,90.61,95,B,,SYSTEM,2025-01-01 00:00:00,SYSTEM,2025-01-01 00:00:00
542,109,2024-Q4,QUALITY_ACCEPTANCE,98.1,95,A,,SYSTEM,2025-01-01 00:00:00,SYSTEM,2025-01-01 00:00:00
543,109,2024-Q4,PRICE_VARIANCE,6.32,0,D,,SYSTEM,2025-01-01 00:00:00,SYSTEM,2025-01-01 00:00:00
544,109,2024-Q4,LEAD_TIME_ADHERENCE,75.34,95,C,,SYSTEM,2025-01-01 00:00:00,SYSTEM,2025-01-01 00:00:00
545,109,2024-Q4,OVERALL_SCORE,93.43,95,B,,SYSTEM,2025-01-01 00:00:00,SYSTEM,2025-01-01 00:00:00
546,110,2024-Q4,ON_TIME_DELIVERY,96.97,95,A,,SYSTEM,2025-01-01 00:00:00,SYSTEM,2025-01-01 00:00:00
547,110,2024-Q4,QUALITY_ACCEPTANCE,97.64,95,A,,SYSTEM,2025-01-01 00:00:00,SYSTEM,2025-01-01 00:00:00
548,110,2024-Q4,PRICE_VARIANCE,-0.94,0,D,,SYSTEM,2025-01-01 00:00:00,SYSTEM,2025-01-01 00:00:00
549,110,2024-Q4,LEAD_TIME_ADHERENCE,90.93,95,B,,SYSTEM,2025-01-01 00:00:00,SYSTEM,2025-01-01 00:00:00
550,110,2024-Q4,OVERALL_SCORE,84.87,95,C,,SYSTEM,2025-01-01 00:00:00,SYSTEM,2025-01-01 00:00:00
551,111,2024-Q4,ON_TIME_DELIVERY,70.27,95,D,,SYSTEM,2025-01-01 00:00:00,SYSTEM,2025-01-01 00:00:00
552,111,2024-Q4,QUALITY_ACCEPTANCE,75.65,95,C,,SYSTEM,2025-01-01 00:00:00,SYSTEM,2025-01-01 00:00:00
553,111,2024-Q4,PRICE_VARIANCE,-6.5,0,D,,SYSTEM,2025-01-01 00:00:00,SYSTEM,2025-01-01 00:00:00
554,111,2024-Q4,LEAD_TIME_ADHERENCE,84.49,95,C,,SYSTEM,2025-01-01 00:00:00,SYSTEM,2025-01-01 00:00:00
555,111,2024-Q4,OVERALL_SCORE,94.36,95,B,,SYSTEM,2025-01-01 00:00:00,SYSTEM,2025-01-01 00:00:00
556,112,2024-Q4,ON_TIME_DELIVERY,86.36,95,B,,SYSTEM,2025-01-01 00:00:00,SYSTEM,2025-01-01 00:00:00
557,112,2024-Q4,QUALITY_ACCEPTANCE,72.44,95,D,,SYSTEM,2025-01-01 00:00:00,SYSTEM,2025-01-01 00:00:00
558,112,2024-Q4,PRICE_VARIANCE,-2.61,0,D,,SYSTEM,2025-01-01 00:00:00,SYSTEM,2025-01-01 00:00:00
559,112,2024-Q4,LEAD_TIME_ADHERENCE,91.31,95,B,,SYSTEM,2025-01-01 00:00:00,SYSTEM,2025-01-01 00:00:00
560,112,2024-Q4,OVERALL_SCORE,74.52,95,D,,SYSTEM,2025-01-01 00:00:00,SYSTEM,2025-01-01 00:00:00
561,113,2024-Q4,ON_TIME_DELIVERY,86.74,95,B,,SYSTEM,2025-01-01 00:00:00,SYSTEM,2025-01-01 00:00:00
562,113,2024-Q4,QUALITY_ACCEPTANCE,87.98,95,B,,SYSTEM,2025-01-01 00:00:00,SYSTEM,2025-01-01 00:00:00
563,113,2024-Q4,PRICE_VARIANCE,2.56,0,D,,SYSTEM,2025-01-01 00:00:00,SYSTEM,2025-01-01 00:00:00
564,113,2024-Q4,LEAD_TIME_ADHERENCE,88.4,95,B,,SYSTEM,2025-01-01 00:00:00,SYSTEM,2025-01-01 00:00:00
565,113,2024-Q4,OVERALL_SCORE,74.02,95,D,,SYSTEM,2025-01-01 00:00:00,SYSTEM,2025-01-01 00:00:00
566,114,2024-Q4,ON_TIME_DELIVERY,77.33,95,C,,SYSTEM,2025-01-01 00:00:00,SYSTEM,2025-01-01 00:00:00
567,114,2024-Q4,QUALITY_ACCEPTANCE,96.97,95,A,,SYSTEM,2025-01-01 00:00:00,SYSTEM,2025-01-01 00:00:00
568,114,2024-Q4,PRICE_VARIANCE,-6.89,0,D,,SYSTEM,2025-01-01 00:00:00,SYSTEM,2025-01-01 00:00:00
569,114,2024-Q4,LEAD_TIME_ADHERENCE,87.29,95,B,,SYSTEM,2025-01-01 00:00:00,SYSTEM,2025-01-01 00:00:00
570,114,2024-Q4,OVERALL_SCORE,93.46,95,B,,SYSTEM,2025-01-01 00:00:00,SYSTEM,2025-01-01 00:00:00
571,115,2024-Q4,ON_TIME_DELIVERY,97.63,95,A,,SYSTEM,2025-01-01 00:00:00,SYSTEM,2025-01-01 00:00:00
572,115,2024-Q4,QUALITY_ACCEPTANCE,82.65,95,C,,SYSTEM,2025-01-01 00:00:00,SYSTEM,2025-01-01 00:00:00
573,115,2024-Q4,PRICE_VARIANCE,9.01,0,D,,SYSTEM,2025-01-01 00:00:00,SYSTEM,2025-01-01 00:00:00
574,115,2024-Q4,LEAD_TIME_ADHERENCE,86.6,95,B,,SYSTEM,2025-01-01 00:00:00,SYSTEM,2025-01-01 00:00:00
575,115,2024-Q4,OVERALL_SCORE,96.37,95,A,,SYSTEM,2025-01-01 00:00:00,SYSTEM,2025-01-01 00:00:00
576,116,2024-Q4,ON_TIME_DELIVERY,81.21,95,C,,SYSTEM,2025-01-01 00:00:00,SYSTEM,2025-01-01 00:00:00
577,116,2024-Q4,QUALITY_ACCEPTANCE,97.27,95,A,,SYSTEM,2025-01-01 00:00:00,SYSTEM,2025-01-01 00:00:00
578,116,2024-Q4,PRICE_VARIANCE,2.45,0,D,,SYSTEM,2025-01-01 00:00:00,SYSTEM,2025-01-01 00:00:00
579,116,2024-Q4,LEAD_TIME_ADHERENCE,77.27,95,C,,SYSTEM,2025-01-01 00:00:00,SYSTEM,2025-01-01 00:00:00
580,116,2024-Q4,OVERALL_SCORE,85.9,95,B,,SYSTEM,2025-01-01 00:00:00,SYSTEM,2025-01-01 00:00:00
581,117,2024-Q4,ON_TIME_DELIVERY,70.81,95,D,,SYSTEM,2025-01-01 00:00:00,SYSTEM,2025-01-01 00:00:00
582,117,2024-Q4,QUALITY_ACCEPTANCE,71.34,95,D,,SYSTEM,2025-01-01 00:00:00,SYSTEM,2025-01-01 00:00:00
583,117,2024-Q4,PRICE_VARIANCE,-3.65,0,D,,SYSTEM,2025-01-01 00:00:00,SYSTEM,2025-01-01 00:00:00
584,117,2024-Q4,LEAD_TIME_ADHERENCE,78.26,95,C,,SYSTEM,2025-01-01 00:00:00,SYSTEM,2025-01-01 00:00:00
585,117,2024-Q4,OVERALL_SCORE,93.94,95,B,,SYSTEM,2025-01-01 00:00:00,SYSTEM,2025-01-01 00:00:00
586,118,2024-Q4,ON_TIME_DELIVERY,98.46,95,A,,SYSTEM,2025-01-01 00:00:00,SYSTEM,2025-01-01 00:00:00
587,118,2024-Q4,QUALITY_ACCEPTANCE,75.7,95,C,,SYSTEM,2025-01-01 00:00:00,SYSTEM,2025-01-01 00:00:00
588,118,2024-Q4,PRICE_VARIANCE,0.08,0,D,,SYSTEM,2025-01-01 00:00:00,SYSTEM,2025-01-01 00:00:00
589,118,2024-Q4,LEAD_TIME_ADHERENCE,91.06,95,B,,SYSTEM,2025-01-01 00:00:00,SYSTEM,2025-01-01 00:00:00
590,118,2024-Q4,OVERALL_SCORE,90.94,95,B,,SYSTEM,2025-01-01 00:00:00,SYSTEM,2025-01-01 00:00:00
591,119,2024-Q4,ON_TIME_DELIVERY,73.19,95,D,,SYSTEM,2025-01-01 00:00:00,SYSTEM,2025-01-01 00:00:00
592,119,2024-Q4,QUALITY_ACCEPTANCE,81.96,95,C,,SYSTEM,2025-01-01 00:00:00,SYSTEM,2025-01-01 00:00:00
593,119,2024-Q4,PRICE_VARIANCE,-0.77,0,D,,SYSTEM,2025-01-01 00:00:00,SYSTEM,2025-01-01 00:00:00
594,119,2024-Q4,LEAD_TIME_ADHERENCE,74.77,95,D,,SYSTEM,2025-01-01 00:00:00,SYSTEM,2025-01-01 00:00:00
595,119,2024-Q4,OVERALL_SCORE,72.04,95,D,,SYSTEM,2025-01-01 00:00:00,SYSTEM,2025-01-01 00:00:00
596,120,2024-Q4,ON_TIME_DELIVERY,94.24,95,B,,SYSTEM,2025-01-01 00:00:00,SYSTEM,2025-01-01 00:00:00
597,120,2024-Q4,QUALITY_ACCEPTANCE,99.22,95,A,,SYSTEM,2025-01-01 00:00:00,SYSTEM,2025-01-01 00:00:00
598,120,2024-Q4,PRICE_VARIANCE,1.11,0,D,,SYSTEM,2025-01-01 00:00:00,SYSTEM,2025-01-01 00:00:00
599,120,2024-Q4,LEAD_TIME_ADHERENCE,73.1,95,D,,SYSTEM,2025-01-01 00:00:00,SYSTEM,2025-01-01 00:00:00
600,120,2024-Q4,OVERALL_SCORE,72.11,95,D,,SYSTEM,2025-01-01 00:00:00,SYSTEM,2025-01-01 00:00:00
601,121,2024-Q4,ON_TIME_DELIVERY,93.18,95,B,,SYSTEM,2025-01-01 00:00:00,SYSTEM,2025-01-01 00:00:00
602,121,2024-Q4,QUALITY_ACCEPTANCE,84.35,95,C,,SYSTEM,2025-01-01 00:00:00,SYSTEM,2025-01-01 00:00:00
603,121,2024-Q4,PRICE_VARIANCE,0.52,0,D,,SYSTEM,2025-01-01 00:00:00,SYSTEM,2025-01-01 00:00:00
604,121,2024-Q4,LEAD_TIME_ADHERENCE,93.84,95,B,,SYSTEM,2025-01-01 00:00:00,SYSTEM,2025-01-01 00:00:00
605,121,2024-Q4,OVERALL_SCORE,87.37,95,B,,SYSTEM,2025-01-01 00:00:00,SYSTEM,2025-01-01 00:00:00
606,122,2024-Q4,ON_TIME_DELIVERY,93.15,95,B,,SYSTEM,2025-01-01 00:00:00,SYSTEM,2025-01-01 00:00:00
607,122,2024-Q4,QUALITY_ACCEPTANCE,87.09,95,B,,SYSTEM,2025-01-01 00:00:00,SYSTEM,2025-01-01 00:00:00
608,122,2024-Q4,PRICE_VARIANCE,4.1,0,D,,SYSTEM,2025-01-01 00:00:00,SYSTEM,2025-01-01 00:00:00
609,122,2024-Q4,LEAD_TIME_ADHERENCE,72.86,95,D,,SYSTEM,2025-01-01 00:00:00,SYSTEM,2025-01-01 00:00:00
610,122,2024-Q4,OVERALL_SCORE,97.92,95,A,,SYSTEM,2025-01-01 00:00:00,SYSTEM,2025-01-01 00:00:00
611,123,2024-Q4,ON_TIME_DELIVERY,85.88,95,B,,SYSTEM,2025-01-01 00:00:00,SYSTEM,2025-01-01 00:00:00
612,123,2024-Q4,QUALITY_ACCEPTANCE,71.74,95,D,,SYSTEM,2025-01-01 00:00:00,SYSTEM,2025-01-01 00:00:00
613,123,2024-Q4,PRICE_VARIANCE,5.9,0,D,,SYSTEM,2025-01-01 00:00:00,SYSTEM,2025-01-01 00:00:00
614,123,2024-Q4,LEAD_TIME_ADHERENCE,79.59,95,C,,SYSTEM,2025-01-01 00:00:00,SYSTEM,2025-01-01 00:00:00
615,123,2024-Q4,OVERALL_SCORE,78.2,95,C,,SYSTEM,2025-01-01 00:00:00,SYSTEM,2025-01-01 00:00:00
616,124,2024-Q4,ON_TIME_DELIVERY,81.96,95,C,,SYSTEM,2025-01-01 00:00:00,SYSTEM,2025-01-01 00:00:00
617,124,2024-Q4,QUALITY_ACCEPTANCE,78.05,95,C,,SYSTEM,2025-01-01 00:00:00,SYSTEM,2025-01-01 00:00:00
618,124,2024-Q4,PRICE_VARIANCE,9.42,0,D,,SYSTEM,2025-01-01 00:00:00,SYSTEM,2025-01-01 00:00:00
619,124,2024-Q4,LEAD_TIME_ADHERENCE,77.19,95,C,,SYSTEM,2025-01-01 00:00:00,SYSTEM,2025-01-01 00:00:00
620,124,2024-Q4,OVERALL_SCORE,78.14,95,C,,SYSTEM,2025-01-01 00:00:00,SYSTEM,2025-01-01 00:00:00
621,125,2024-Q4,ON_TIME_DELIVERY,96.45,95,A,,SYSTEM,2025-01-01 00:00:00,SYSTEM,2025-01-01 00:00:00
622,125,2024-Q4,QUALITY_ACCEPTANCE,82.48,95,C,,SYSTEM,2025-01-01 00:00:00,SYSTEM,2025-01-01 00:00:00
623,125,2024-Q4,PRICE_VARIANCE,-3.89,0,D,,SYSTEM,2025-01-01 00:00:00,SYSTEM,2025-01-01 00:00:00
624,125,2024-Q4,LEAD_TIME_ADHERENCE,78.03,95,C,,SYSTEM,2025-01-01 00:00:00,SYSTEM,2025-01-01 00:00:00
625,125,2024-Q4,OVERALL_SCORE,99.67,95,A,,SYSTEM,2025-01-01 00:00:00,SYSTEM,2025-01-01 00:00:00
626,126,2024-Q4,ON_TIME_DELIVERY,74.53,95,D,,SYSTEM,2025-01-01 00:00:00,SYSTEM,2025-01-01 00:00:00
627,126,2024-Q4,QUALITY_ACCEPTANCE,72.04,95,D,,SYSTEM,2025-01-01 00:00:00,SYSTEM,2025-01-01 00:00:00
628,126,2024-Q4,PRICE_VARIANCE,5.14,0,D,,SYSTEM,2025-01-01 00:00:00,SYSTEM,2025-01-01 00:00:00
629,126,2024-Q4,LEAD_TIME_ADHERENCE,98.35,95,A,,SYSTEM,2025-01-01 00:00:00,SYSTEM,2025-01-01 00:00:00
630,126,2024-Q4,OVERALL_SCORE,83.08,95,C,,SYSTEM,2025-01-01 00:00:00,SYSTEM,2025-01-01 00:00:00
631,127,2024-Q4,ON_TIME_DELIVERY,80.63,95,C,,SYSTEM,2025-01-01 00:00:00,SYSTEM,2025-01-01 00:00:00
632,127,2024-Q4,QUALITY_ACCEPTANCE,86.24,95,B,,SYSTEM,2025-01-01 00:00:00,SYSTEM,2025-01-01 00:00:00
633,127,2024-Q4,PRICE_VARIANCE,-5.54,0,D,,SYSTEM,2025-01-01 00:00:00,SYSTEM,2025-01-01 00:00:00
634,127,2024-Q4,LEAD_TIME_ADHERENCE,71.0,95,D,,SYSTEM,2025-01-01 00:00:00,SYSTEM,2025-01-01 00:00:00
635,127,2024-Q4,OVERALL_SCORE,92.08,95,B,,SYSTEM,2025-01-01 00:00:00,SYSTEM,2025-01-01 00:00:00
636,128,2024-Q4,ON_TIME_DELIVERY,92.77,95,B,,SYSTEM,2025-01-01 00:00:00,SYSTEM,2025-01-01 00:00:00
637,128,2024-Q4,QUALITY_ACCEPTANCE,96.09,95,A,,SYSTEM,2025-01-01 00:00:00,SYSTEM,2025-01-01 00:00:00
638,128,2024-Q4,PRICE_VARIANCE,-8.63,0,D,,SYSTEM,2025-01-01 00:00:00,SYSTEM,2025-01-01 00:00:00
639,128,2024-Q4,LEAD_TIME_ADHERENCE,86.28,95,B,,SYSTEM,2025-01-01 00:00:00,SYSTEM,2025-01-01 00:00:00
640,128,2024-Q4,OVERALL_SCORE,94.43,95,B,,SYSTEM,2025-01-01 00:00:00,SYSTEM,2025-01-01 00:00:00
641,129,2024-Q4,ON_TIME_DELIVERY,91.31,95,B,,SYSTEM,2025-01-01 00:00:00,SYSTEM,2025-01-01 00:00:00
642,129,2024-Q4,QUALITY_ACCEPTANCE,72.81,95,D,,SYSTEM,2025-01-01 00:00:00,SYSTEM,2025-01-01 00:00:00
643,129,2024-Q4,PRICE_VARIANCE,-2.04,0,D,,SYSTEM,2025-01-01 00:00:00,SYSTEM,2025-01-01 00:00:00
644,129,2024-Q4,LEAD_TIME_ADHERENCE,71.32,95,D,,SYSTEM,2025-01-01 00:00:00,SYSTEM,2025-01-01 00:00:00
645,129,2024-Q4,OVERALL_SCORE,97.86,95,A,,SYSTEM,2025-01-01 00:00:00,SYSTEM,2025-01-01 00:00:00
646,130,2024-Q4,ON_TIME_DELIVERY,96.14,95,A,,SYSTEM,2025-01-01 00:00:00,SYSTEM,2025-01-01 00:00:00
647,130,2024-Q4,QUALITY_ACCEPTANCE,82.68,95,C,,SYSTEM,2025-01-01 00:00:00,SYSTEM,2025-01-01 00:00:00
648,130,2024-Q4,PRICE_VARIANCE,-1.72,0,D,,SYSTEM,2025-01-01 00:00:00,SYSTEM,2025-01-01 00:00:00
649,130,2024-Q4,LEAD_TIME_ADHERENCE,75.04,95,C,,SYSTEM,2025-01-01 00:00:00,SYSTEM,2025-01-01 00:00:00
650,130,2024-Q4,OVERALL_SCORE,86.27,95,B,,SYSTEM,2025-01-01 00:00:00,SYSTEM,2025-01-01 00:00:00
651,131,2024-Q4,ON_TIME_DELIVERY,91.85,95,B,,SYSTEM,2025-01-01 00:00:00,SYSTEM,2025-01-01 00:00:00
652,131,2024-Q4,QUALITY_ACCEPTANCE,98.31,95,A,,SYSTEM,2025-01-01 00:00:00,SYSTEM,2025-01-01 00:00:00
653,131,2024-Q4,PRICE_VARIANCE,-7.42,0,D,,SYSTEM,2025-01-01 00:00:00,SYSTEM,2025-01-01 00:00:00
654,131,2024-Q4,LEAD_TIME_ADHERENCE,74.94,95,D,,SYSTEM,2025-01-01 00:00:00,SYSTEM,2025-01-01 00:00:00
655,131,2024-Q4,OVERALL_SCORE,90.87,95,B,,SYSTEM,2025-01-01 00:00:00,SYSTEM,2025-01-01 00:00:00
656,132,2024-Q4,ON_TIME_DELIVERY,99.29,95,A,,SYSTEM,2025-01-01 00:00:00,SYSTEM,2025-01-01 00:00:00
657,132,2024-Q4,QUALITY_ACCEPTANCE,92.86,95,B,,SYSTEM,2025-01-01 00:00:00,SYSTEM,2025-01-01 00:00:00
658,132,2024-Q4,PRICE_VARIANCE,-3.55,0,D,,SYSTEM,2025-01-01 00:00:00,SYSTEM,2025-01-01 00:00:00
659,132,2024-Q4,LEAD_TIME_ADHERENCE,81.95,95,C,,SYSTEM,2025-01-01 00:00:00,SYSTEM,2025-01-01 00:00:00
660,132,2024-Q4,OVERALL_SCORE,71.4,95,D,,SYSTEM,2025-01-01 00:00:00,SYSTEM,2025-01-01 00:00:00
661,133,2024-Q4,ON_TIME_DELIVERY,71.34,95,D,,SYSTEM,2025-01-01 00:00:00,SYSTEM,2025-01-01 00:00:00
662,133,2024-Q4,QUALITY_ACCEPTANCE,74.12,95,D,,SYSTEM,2025-01-01 00:00:00,SYSTEM,2025-01-01 00:00:00
663,133,2024-Q4,PRICE_VARIANCE,6.07,0,D,,SYSTEM,2025-01-01 00:00:00,SYSTEM,2025-01-01 00:00:00
664,133,2024-Q4,LEAD_TIME_ADHERENCE,78.2,95,C,,SYSTEM,2025-01-01 00:00:00,SYSTEM,2025-01-01 00:00:00
665,133,2024-Q4,OVERALL_SCORE,77.23,95,C,,SYSTEM,2025-01-01 00:00:00,SYSTEM,2025-01-01 00:00:00
666,134,2024-Q4,ON_TIME_DELIVERY,80.14,95,C,,SYSTEM,2025-01-01 00:00:00,SYSTEM,2025-01-01 00:00:00
667,134,2024-Q4,QUALITY_ACCEPTANCE,75.87,95,C,,SYSTEM,2025-01-01 00:00:00,SYSTEM,2025-01-01 00:00:00
668,134,2024-Q4,PRICE_VARIANCE,-5.09,0,D,,SYSTEM,2025-01-01 00:00:00,SYSTEM,2025-01-01 00:00:00
669,134,2024-Q4,LEAD_TIME_ADHERENCE,95.19,95,A,,SYSTEM,2025-01-01 00:00:00,SYSTEM,2025-01-01 00:00:00
670,134,2024-Q4,OVERALL_SCORE,80.28,95,C,,SYSTEM,2025-01-01 00:00:00,SYSTEM,2025-01-01 00:00:00
671,135,2024-Q4,ON_TIME_DELIVERY,70.85,95,D,,SYSTEM,2025-01-01 00:00:00,SYSTEM,2025-01-01 00:00:00
672,135,2024-Q4,QUALITY_ACCEPTANCE,84.41,95,C,,SYSTEM,2025-01-01 00:00:00,SYSTEM,2025-01-01 00:00:00
673,135,2024-Q4,PRICE_VARIANCE,-5.2,0,D,,SYSTEM,2025-01-01 00:00:00,SYSTEM,2025-01-01 00:00:00
674,135,2024-Q4,LEAD_TIME_ADHERENCE,79.28,95,C,,SYSTEM,2025-01-01 00:00:00,SYSTEM,2025-01-01 00:00:00
675,135,2024-Q4,OVERALL_SCORE,98.61,95,A,,SYSTEM,2025-01-01 00:00:00,SYSTEM,2025-01-01 00:00:00
676,136,2024-Q4,ON_TIME_DELIVERY,74.0,95,D,,SYSTEM,2025-01-01 00:00:00,SYSTEM,2025-01-01 00:00:00
677,136,2024-Q4,QUALITY_ACCEPTANCE,74.61,95,D,,SYSTEM,2025-01-01 00:00:00,SYSTEM,2025-01-01 00:00:00
678,136,2024-Q4,PRICE_VARIANCE,-2.48,0,D,,SYSTEM,2025-01-01 00:00:00,SYSTEM,2025-01-01 00:00:00
679,136,2024-Q4,LEAD_TIME_ADHERENCE,93.72,95,B,,SYSTEM,2025-01-01 00:00:00,SYSTEM,2025-01-01 00:00:00
680,136,2024-Q4,OVERALL_SCORE,94.22,95,B,,SYSTEM,2025-01-01 00:00:00,SYSTEM,2025-01-01 00:00:00
681,137,2024-Q4,ON_TIME_DELIVERY,80.49,95,C,,SYSTEM,2025-01-01 00:00:00,SYSTEM,2025-01-01 00:00:00
682,137,2024-Q4,QUALITY_ACCEPTANCE,71.14,95,D,,SYSTEM,2025-01-01 00:00:00,SYSTEM,2025-01-01 00:00:00
683,137,2024-Q4,PRICE_VARIANCE,3.02,0,D,,SYSTEM,2025-01-01 00:00:00,SYSTEM,2025-01-01 00:00:00
684,137,2024-Q4,LEAD_TIME_ADHERENCE,96.29,95,A,,SYSTEM,2025-01-01 00:00:00,SYSTEM,2025-01-01 00:00:00
685,137,2024-Q4,OVERALL_SCORE,77.11,95,C,,SYSTEM,2025-01-01 00:00:00,SYSTEM,2025-01-01 00:00:00
686,138,2024-Q4,ON_TIME_DELIVERY,94.78,95,B,,SYSTEM,2025-01-01 00:00:00,SYSTEM,2025-01-01 00:00:00
687,138,2024-Q4,QUALITY_ACCEPTANCE,98.68,95,A,,SYSTEM,2025-01-01 00:00:00,SYSTEM,2025-01-01 00:00:00
688,138,2024-Q4,PRICE_VARIANCE,9.33,0,D,,SYSTEM,2025-01-01 00:00:00,SYSTEM,2025-01-01 00:00:00
689,138,2024-Q4,LEAD_TIME_ADHERENCE,83.37,95,C,,SYSTEM,2025-01-01 00:00:00,SYSTEM,2025-01-01 00:00:00
690,138,2024-Q4,OVERALL_SCORE,88.74,95,B,,SYSTEM,2025-01-01 00:00:00,SYSTEM,2025-01-01 00:00:00
691,139,2024-Q4,ON_TIME_DELIVERY,94.3,95,B,,SYSTEM,2025-01-01 00:00:00,SYSTEM,2025-01-01 00:00:00
692,139,2024-Q4,QUALITY_ACCEPTANCE,75.41,95,C,,SYSTEM,2025-01-01 00:00:00,SYSTEM,2025-01-01 00:00:00
693,139,2024-Q4,PRICE_VARIANCE,-0.23,0,D,,SYSTEM,2025-01-01 00:00:00,SYSTEM,2025-01-01 00:00:00
694,139,2024-Q4,LEAD_TIME_ADHERENCE,98.77,95,A,,SYSTEM,2025-01-01 00:00:00,SYSTEM,2025-01-01 00:00:00
695,139,2024-Q4,OVERALL_SCORE,86.08,95,B,,SYSTEM,2025-01-01 00:00:00,SYSTEM,2025-01-01 00:00:00
696,140,2024-Q4,ON_TIME_DELIVERY,75.92,95,C,,SYSTEM,2025-01-01 00:00:00,SYSTEM,2025-01-01 00:00:00
697,140,2024-Q4,QUALITY_ACCEPTANCE,92.62,95,B,,SYSTEM,2025-01-01 00:00:00,SYSTEM,2025-01-01 00:00:00
698,140,2024-Q4,PRICE_VARIANCE,9.84,0,D,,SYSTEM,2025-01-01 00:00:00,SYSTEM,2025-01-01 00:00:00
699,140,2024-Q4,LEAD_TIME_ADHERENCE,94.98,95,B,,SYSTEM,2025-01-01 00:00:00,SYSTEM,2025-01-01 00:00:00
700,140,2024-Q4,OVERALL_SCORE,89.63,95,B,,SYSTEM,2025-01-01 00:00:00,SYSTEM,2025-01-01 00:00:00
701,141,2024-Q4,ON_TIME_DELIVERY,80.37,95,C,,SYSTEM,2025-01-01 00:00:00,SYSTEM,2025-01-01 00:00:00
702,141,2024-Q4,QUALITY_ACCEPTANCE,89.09,95,B,,SYSTEM,2025-01-01 00:00:00,SYSTEM,2025-01-01 00:00:00
703,141,2024-Q4,PRICE_VARIANCE,2.72,0,D,,SYSTEM,2025-01-01 00:00:00,SYSTEM,2025-01-01 00:00:00
704,141,2024-Q4,LEAD_TIME_ADHERENCE,78.99,95,C,,SYSTEM,2025-01-01 00:00:00,SYSTEM,2025-01-01 00:00:00
705,141,2024-Q4,OVERALL_SCORE,88.33,95,B,,SYSTEM,2025-01-01 00:00:00,SYSTEM,2025-01-01 00:00:00
706,142,2024-Q4,ON_TIME_DELIVERY,75.47,95,C,,SYSTEM,2025-01-01 00:00:00,SYSTEM,2025-01-01 00:00:00
707,142,2024-Q4,QUALITY_ACCEPTANCE,94.32,95,B,,SYSTEM,2025-01-01 00:00:00,SYSTEM,2025-01-01 00:00:00
708,142,2024-Q4,PRICE_VARIANCE,-9.26,0,D,,SYSTEM,2025-01-01 00:00:00,SYSTEM,2025-01-01 00:00:00
709,142,2024-Q4,LEAD_TIME_ADHERENCE,78.97,95,C,,SYSTEM,2025-01-01 00:00:00,SYSTEM,2025-01-01 00:00:00
710,142,2024-Q4,OVERALL_SCORE,74.87,95,D,,SYSTEM,2025-01-01 00:00:00,SYSTEM,2025-01-01 00:00:00
711,143,2024-Q4,ON_TIME_DELIVERY,78.98,95,C,,SYSTEM,2025-01-01 00:00:00,SYSTEM,2025-01-01 00:00:00
712,143,2024-Q4,QUALITY_ACCEPTANCE,97.52,95,A,,SYSTEM,2025-01-01 00:00:00,SYSTEM,2025-01-01 00:00:00
713,143,2024-Q4,PRICE_VARIANCE,4.54,0,D,,SYSTEM,2025-01-01 00:00:00,SYSTEM,2025-01-01 00:00:00
714,143,2024-Q4,LEAD_TIME_ADHERENCE,70.51,95,D,,SYSTEM,2025-01-01 00:00:00,SYSTEM,2025-01-01 00:00:00
715,143,2024-Q4,OVERALL_SCORE,72.34,95,D,,SYSTEM,2025-01-01 00:00:00,SYSTEM,2025-01-01 00:00:00
716,144,2024-Q4,ON_TIME_DELIVERY,92.25,95,B,,SYSTEM,2025-01-01 00:00:00,SYSTEM,2025-01-01 00:00:00
717,144,2024-Q4,QUALITY_ACCEPTANCE,95.98,95,A,,SYSTEM,2025-01-01 00:00:00,SYSTEM,2025-01-01 00:00:00
718,144,2024-Q4,PRICE_VARIANCE,3.2,0,D,,SYSTEM,2025-01-01 00:00:00,SYSTEM,2025-01-01 00:00:00
719,144,2024-Q4,LEAD_TIME_ADHERENCE,81.19,95,C,,SYSTEM,2025-01-01 00:00:00,SYSTEM,2025-01-01 00:00:00
720,144,2024-Q4,OVERALL_SCORE,90.82,95,B,,SYSTEM,2025-01-01 00:00:00,SYSTEM,2025-01-01 00:00:00
721,145,2024-Q4,ON_TIME_DELIVERY,92.76,95,B,,SYSTEM,2025-01-01 00:00:00,SYSTEM,2025-01-01 00:00:00
722,145,2024-Q4,QUALITY_ACCEPTANCE,76.98,95,C,,SYSTEM,2025-01-01 00:00:00,SYSTEM,2025-01-01 00:00:00
723,145,2024-Q4,PRICE_VARIANCE,-0.43,0,D,,SYSTEM,2025-01-01 00:00:00,SYSTEM,2025-01-01 00:00:00
724,145,2024-Q4,LEAD_TIME_ADHERENCE,88.32,95,B,,SYSTEM,2025-01-01 00:00:00,SYSTEM,2025-01-01 00:00:00
725,145,2024-Q4,OVERALL_SCORE,97.77,95,A,,SYSTEM,2025-01-01 00:00:00,SYSTEM,2025-01-01 00:00:00
726,146,2024-Q4,ON_TIME_DELIVERY,71.83,95,D,,SYSTEM,2025-01-01 00:00:00,SYSTEM,2025-01-01 00:00:00
727,146,2024-Q4,QUALITY_ACCEPTANCE,94.74,95,B,,SYSTEM,2025-01-01 00:00:00,SYSTEM,2025-01-01 00:00:00
728,146,2024-Q4,PRICE_VARIANCE,6.03,0,D,,SYSTEM,2025-01-01 00:00:00,SYSTEM,2025-01-01 00:00:00
729,146,2024-Q4,LEAD_TIME_ADHERENCE,80.5,95,C,,SYSTEM,2025-01-01 00:00:00,SYSTEM,2025-01-01 00:00:00
730,146,2024-Q4,OVERALL_SCORE,77.81,95,C,,SYSTEM,2025-01-01 00:00:00,SYSTEM,2025-01-01 00:00:00
731,147,2024-Q4,ON_TIME_DELIVERY,90.83,95,B,,SYSTEM,2025-01-01 00:00:00,SYSTEM,2025-01-01 00:00:00
732,147,2024-Q4,QUALITY_ACCEPTANCE,93.89,95,B,,SYSTEM,2025-01-01 00:00:00,SYSTEM,2025-01-01 00:00:00
733,147,2024-Q4,PRICE_VARIANCE,-2.26,0,D,,SYSTEM,2025-01-01 00:00:00,SYSTEM,2025-01-01 00:00:00
734,147,2024-Q4,LEAD_TIME_ADHERENCE,93.45,95,B,,SYSTEM,2025-01-01 00:00:00,SYSTEM,2025-01-01 00:00:00
735,147,2024-Q4,OVERALL_SCORE,90.08,95,B,,SYSTEM,2025-01-01 00:00:00,SYSTEM,2025-01-01 00:00:00
736,148,2024-Q4,ON_TIME_DELIVERY,99.56,95,A,,SYSTEM,2025-01-01 00:00:00,SYSTEM,2025-01-01 00:00:00
737,148,2024-Q4,QUALITY_ACCEPTANCE,91.1,95,B,,SYSTEM,2025-01-01 00:00:00,SYSTEM,2025-01-01 00:00:00
738,148,2024-Q4,PRICE_VARIANCE,-0.52,0,D,,SYSTEM,2025-01-01 00:00:00,SYSTEM,2025-01-01 00:00:00
739,148,2024-Q4,LEAD_TIME_ADHERENCE,97.32,95,A,,SYSTEM,2025-01-01 00:00:00,SYSTEM,2025-01-01 00:00:00
740,148,2024-Q4,OVERALL_SCORE,77.46,95,C,,SYSTEM,2025-01-01 00:00:00,SYSTEM,2025-01-01 00:00:00
741,149,2024-Q4,ON_TIME_DELIVERY,92.76,95,B,,SYSTEM,2025-01-01 00:00:00,SYSTEM,2025-01-01 00:00:00
742,149,2024-Q4,QUALITY_ACCEPTANCE,94.96,95,B,,SYSTEM,2025-01-01 00:00:00,SYSTEM,2025-01-01 00:00:00
743,149,2024-Q4,PRICE_VARIANCE,7.36,0,D,,SYSTEM,2025-01-01 00:00:00,SYSTEM,2025-01-01 00:00:00
744,149,2024-Q4,LEAD_TIME_ADHERENCE,74.98,95,D,,SYSTEM,2025-01-01 00:00:00,SYSTEM,2025-01-01 00:00:00
745,149,2024-Q4,OVERALL_SCORE,97.66,95,A,,SYSTEM,2025-01-01 00:00:00,SYSTEM,2025-01-01 00:00:00
746,150,2024-Q4,ON_TIME_DELIVERY,72.76,95,D,,SYSTEM,2025-01-01 00:00:00,SYSTEM,2025-01-01 00:00:00
747,150,2024-Q4,QUALITY_ACCEPTANCE,79.77,95,C,,SYSTEM,2025-01-01 00:00:00,SYSTEM,2025-01-01 00:00:00
748,150,2024-Q4,PRICE_VARIANCE,-3.44,0,D,,SYSTEM,2025-01-01 00:00:00,SYSTEM,2025-01-01 00:00:00
749,150,2024-Q4,LEAD_TIME_ADHERENCE,92.35,95,B,,SYSTEM,2025-01-01 00:00:00,SYSTEM,2025-01-01 00:00:00
750,150,2024-Q4,OVERALL_SCORE,81.33,95,C,,SYSTEM,2025-01-01 00:00:00,SYSTEM,2025-01-01 00:00:00
751,151,2024-Q4,ON_TIME_DELIVERY,82.61,95,C,,SYSTEM,2025-01-01 00:00:00,SYSTEM,2025-01-01 00:00:00
752,151,2024-Q4,QUALITY_ACCEPTANCE,86.4,95,B,,SYSTEM,2025-01-01 00:00:00,SYSTEM,2025-01-01 00:00:00
753,151,2024-Q4,PRICE_VARIANCE,9.73,0,D,,SYSTEM,2025-01-01 00:00:00,SYSTEM,2025-01-01 00:00:00
754,151,2024-Q4,LEAD_TIME_ADHERENCE,78.46,95,C,,SYSTEM,2025-01-01 00:00:00,SYSTEM,2025-01-01 00:00:00
755,151,2024-Q4,OVERALL_SCORE,97.79,95,A,,SYSTEM,2025-01-01 00:00:00,SYSTEM,2025-01-01 00:00:00
756,152,2024-Q4,ON_TIME_DELIVERY,91.76,95,B,,SYSTEM,2025-01-01 00:00:00,SYSTEM,2025-01-01 00:00:00
757,152,2024-Q4,QUALITY_ACCEPTANCE,82.9,95,C,,SYSTEM,2025-01-01 00:00:00,SYSTEM,2025-01-01 00:00:00
758,152,2024-Q4,PRICE_VARIANCE,6.99,0,D,,SYSTEM,2025-01-01 00:00:00,SYSTEM,2025-01-01 00:00:00
759,152,2024-Q4,LEAD_TIME_ADHERENCE,73.25,95,D,,SYSTEM,2025-01-01 00:00:00,SYSTEM,2025-01-01 00:00:00
760,152,2024-Q4,OVERALL_SCORE,79.45,95,C,,SYSTEM,2025-01-01 00:00:00,SYSTEM,2025-01-01 00:00:00
761,153,2024-Q4,ON_TIME_DELIVERY,83.88,95,C,,SYSTEM,2025-01-01 00:00:00,SYSTEM,2025-01-01 00:00:00
762,153,2024-Q4,QUALITY_ACCEPTANCE,80.68,95,C,,SYSTEM,2025-01-01 00:00:00,SYSTEM,2025-01-01 00:00:00
763,153,2024-Q4,PRICE_VARIANCE,-2.36,0,D,,SYSTEM,2025-01-01 00:00:00,SYSTEM,2025-01-01 00:00:00
764,153,2024-Q4,LEAD_TIME_ADHERENCE,91.45,95,B,,SYSTEM,2025-01-01 00:00:00,SYSTEM,2025-01-01 00:00:00
765,153,2024-Q4,OVERALL_SCORE,82.65,95,C,,SYSTEM,2025-01-01 00:00:00,SYSTEM,2025-01-01 00:00:00
766,154,2024-Q4,ON_TIME_DELIVERY,76.82,95,C,,SYSTEM,2025-01-01 00:00:00,SYSTEM,2025-01-01 00:00:00
767,154,2024-Q4,QUALITY_ACCEPTANCE,75.81,95,C,,SYSTEM,2025-01-01 00:00:00,SYSTEM,2025-01-01 00:00:00
768,154,2024-Q4,PRICE_VARIANCE,9.51,0,D,,SYSTEM,2025-01-01 00:00:00,SYSTEM,2025-01-01 00:00:00
769,154,2024-Q4,LEAD_TIME_ADHERENCE,82.54,95,C,,SYSTEM,2025-01-01 00:00:00,SYSTEM,2025-01-01 00:00:00
770,154,2024-Q4,OVERALL_SCORE,76.16,95,C,,SYSTEM,2025-01-01 00:00:00,SYSTEM,2025-01-01 00:00:00
771,155,2024-Q4,ON_TIME_DELIVERY,94.72,95,B,,SYSTEM,2025-01-01 00:00:00,SYSTEM,2025-01-01 00:00:00
772,155,2024-Q4,QUALITY_ACCEPTANCE,80.56,95,C,,SYSTEM,2025-01-01 00:00:00,SYSTEM,2025-01-01 00:00:00
773,155,2024-Q4,PRICE_VARIANCE,-10.0,0,D,,SYSTEM,2025-01-01 00:00:00,SYSTEM,2025-01-01 00:00:00
774,155,2024-Q4,LEAD_TIME_ADHERENCE,93.94,95,B,,SYSTEM,2025-01-01 00:00:00,SYSTEM,2025-01-01 00:00:00
775,155,2024-Q4,OVERALL_SCORE,96.52,95,A,,SYSTEM,2025-01-01 00:00:00,SYSTEM,2025-01-01 00:00:00
776,156,2024-Q4,ON_TIME_DELIVERY,84.53,95,C,,SYSTEM,2025-01-01 00:00:00,SYSTEM,2025-01-01 00:00:00
777,156,2024-Q4,QUALITY_ACCEPTANCE,70.04,95,D,,SYSTEM,2025-01-01 00:00:00,SYSTEM,2025-01-01 00:00:00
778,156,2024-Q4,PRICE_VARIANCE,-6.96,0,D,,SYSTEM,2025-01-01 00:00:00,SYSTEM,2025-01-01 00:00:00
779,156,2024-Q4,LEAD_TIME_ADHERENCE,77.84,95,C,,SYSTEM,2025-01-01 00:00:00,SYSTEM,2025-01-01 00:00:00
780,156,2024-Q4,OVERALL_SCORE,89.91,95,B,,SYSTEM,2025-01-01 00:00:00,SYSTEM,2025-01-01 00:00:00
781,157,2024-Q4,ON_TIME_DELIVERY,83.87,95,C,,SYSTEM,2025-01-01 00:00:00,SYSTEM,2025-01-01 00:00:00
782,157,2024-Q4,QUALITY_ACCEPTANCE,74.91,95,D,,SYSTEM,2025-01-01 00:00:00,SYSTEM,2025-01-01 00:00:00
783,157,2024-Q4,PRICE_VARIANCE,-6.55,0,D,,SYSTEM,2025-01-01 00:00:00,SYSTEM,2025-01-01 00:00:00
784,157,2024-Q4,LEAD_TIME_ADHERENCE,85.07,95,B,,SYSTEM,2025-01-01 00:00:00,SYSTEM,2025-01-01 00:00:00
785,157,2024-Q4,OVERALL_SCORE,70.6,95,D,,SYSTEM,2025-01-01 00:00:00,SYSTEM,2025-01-01 00:00:00
786,158,2024-Q4,ON_TIME_DELIVERY,94.21,95,B,,SYSTEM,2025-01-01 00:00:00,SYSTEM,2025-01-01 00:00:00
787,158,2024-Q4,QUALITY_ACCEPTANCE,86.83,95,B,,SYSTEM,2025-01-01 00:00:00,SYSTEM,2025-01-01 00:00:00
788,158,2024-Q4,PRICE_VARIANCE,9.67,0,D,,SYSTEM,2025-01-01 00:00:00,SYSTEM,2025-01-01 00:00:00
789,158,2024-Q4,LEAD_TIME_ADHERENCE,81.97,95,C,,SYSTEM,2025-01-01 00:00:00,SYSTEM,2025-01-01 00:00:00
790,158,2024-Q4,OVERALL_SCORE,94.52,95,B,,SYSTEM,2025-01-01 00:00:00,SYSTEM,2025-01-01 00:00:00
791,159,2024-Q4,ON_TIME_DELIVERY,73.17,95,D,,SYSTEM,2025-01-01 00:00:00,SYSTEM,2025-01-01 00:00:00
792,159,2024-Q4,QUALITY_ACCEPTANCE,89.72,95,B,,SYSTEM,2025-01-01 00:00:00,SYSTEM,2025-01-01 00:00:00
793,159,2024-Q4,PRICE_VARIANCE,9.11,0,D,,SYSTEM,2025-01-01 00:00:00,SYSTEM,2025-01-01 00:00:00
794,159,2024-Q4,LEAD_TIME_ADHERENCE,81.19,95,C,,SYSTEM,2025-01-01 00:00:00,SYSTEM,2025-01-01 00:00:00
795,159,2024-Q4,OVERALL_SCORE,95.17,95,A,,SYSTEM,2025-01-01 00:00:00,SYSTEM,2025-01-01 00:00:00
796,160,2024-Q4,ON_TIME_DELIVERY,82.01,95,C,,SYSTEM,2025-01-01 00:00:00,SYSTEM,2025-01-01 00:00:00
797,160,2024-Q4,QUALITY_ACCEPTANCE,96.44,95,A,,SYSTEM,2025-01-01 00:00:00,SYSTEM,2025-01-01 00:00:00
798,160,2024-Q4,PRICE_VARIANCE,-8.45,0,D,,SYSTEM,2025-01-01 00:00:00,SYSTEM,2025-01-01 00:00:00
799,160,2024-Q4,LEAD_TIME_ADHERENCE,84.34,95,C,,SYSTEM,2025-01-01 00:00:00,SYSTEM,2025-01-01 00:00:00
800,160,2024-Q4,OVERALL_SCORE,76.1,95,C,,SYSTEM,2025-01-01 00:00:00,SYSTEM,2025-01-01 00:00:00
801,161,2024-Q4,ON_TIME_DELIVERY,84.19,95,C,,SYSTEM,2025-01-01 00:00:00,SYSTEM,2025-01-01 00:00:00
802,161,2024-Q4,QUALITY_ACCEPTANCE,72.15,95,D,,SYSTEM,2025-01-01 00:00:00,SYSTEM,2025-01-01 00:00:00
803,161,2024-Q4,PRICE_VARIANCE,-3.49,0,D,,SYSTEM,2025-01-01 00:00:00,SYSTEM,2025-01-01 00:00:00
804,161,2024-Q4,LEAD_TIME_ADHERENCE,82.5,95,C,,SYSTEM,2025-01-01 00:00:00,SYSTEM,2025-01-01 00:00:00
805,161,2024-Q4,OVERALL_SCORE,93.02,95,B,,SYSTEM,2025-01-01 00:00:00,SYSTEM,2025-01-01 00:00:00
806,162,2024-Q4,ON_TIME_DELIVERY,95.84,95,A,,SYSTEM,2025-01-01 00:00:00,SYSTEM,2025-01-01 00:00:00
807,162,2024-Q4,QUALITY_ACCEPTANCE,80.48,95,C,,SYSTEM,2025-01-01 00:00:00,SYSTEM,2025-01-01 00:00:00
808,162,2024-Q4,PRICE_VARIANCE,-3.3,0,D,,SYSTEM,2025-01-01 00:00:00,SYSTEM,2025-01-01 00:00:00
809,162,2024-Q4,LEAD_TIME_ADHERENCE,99.41,95,A,,SYSTEM,2025-01-01 00:00:00,SYSTEM,2025-01-01 00:00:00
810,162,2024-Q4,OVERALL_SCORE,97.39,95,A,,SYSTEM,2025-01-01 00:00:00,SYSTEM,2025-01-01 00:00:00
811,163,2024-Q4,ON_TIME_DELIVERY,85.3,95,B,,SYSTEM,2025-01-01 00:00:00,SYSTEM,2025-01-01 00:00:00
812,163,2024-Q4,QUALITY_ACCEPTANCE,72.35,95,D,,SYSTEM,2025-01-01 00:00:00,SYSTEM,2025-01-01 00:00:00
813,163,2024-Q4,PRICE_VARIANCE,6.45,0,D,,SYSTEM,2025-01-01 00:00:00,SYSTEM,2025-01-01 00:00:00
814,163,2024-Q4,LEAD_TIME_ADHERENCE,82.58,95,C,,SYSTEM,2025-01-01 00:00:00,SYSTEM,2025-01-01 00:00:00
815,163,2024-Q4,OVERALL_SCORE,92.47,95,B,,SYSTEM,2025-01-01 00:00:00,SYSTEM,2025-01-01 00:00:00
816,164,2024-Q4,ON_TIME_DELIVERY,82.23,95,C,,SYSTEM,2025-01-01 00:00:00,SYSTEM,2025-01-01 00:00:00
817,164,2024-Q4,QUALITY_ACCEPTANCE,94.34,95,B,,SYSTEM,2025-01-01 00:00:00,SYSTEM,2025-01-01 00:00:00
818,164,2024-Q4,PRICE_VARIANCE,-7.2,0,D,,SYSTEM,2025-01-01 00:00:00,SYSTEM,2025-01-01 00:00:00
819,164,2024-Q4,LEAD_TIME_ADHERENCE,84.62,95,C,,SYSTEM,2025-01-01 00:00:00,SYSTEM,2025-01-01 00:00:00
820,164,2024-Q4,OVERALL_SCORE,75.65,95,C,,SYSTEM,2025-01-01 00:00:00,SYSTEM,2025-01-01 00:00:00
821,165,2024-Q4,ON_TIME_DELIVERY,96.29,95,A,,SYSTEM,2025-01-01 00:00:00,SYSTEM,2025-01-01 00:00:00
822,165,2024-Q4,QUALITY_ACCEPTANCE,86.5,95,B,,SYSTEM,2025-01-01 00:00:00,SYSTEM,2025-01-01 00:00:00
823,165,2024-Q4,PRICE_VARIANCE,5.88,0,D,,SYSTEM,2025-01-01 00:00:00,SYSTEM,2025-01-01 00:00:00
824,165,2024-Q4,LEAD_TIME_ADHERENCE,80.24,95,C,,SYSTEM,2025-01-01 00:00:00,SYSTEM,2025-01-01 00:00:00
825,165,2024-Q4,OVERALL_SCORE,97.49,95,A,,SYSTEM,2025-01-01 00:00:00,SYSTEM,2025-01-01 00:00:00
826,166,2024-Q4,ON_TIME_DELIVERY,93.86,95,B,,SYSTEM,2025-01-01 00:00:00,SYSTEM,2025-01-01 00:00:00
827,166,2024-Q4,QUALITY_ACCEPTANCE,96.31,95,A,,SYSTEM,2025-01-01 00:00:00,SYSTEM,2025-01-01 00:00:00
828,166,2024-Q4,PRICE_VARIANCE,8.69,0,D,,SYSTEM,2025-01-01 00:00:00,SYSTEM,2025-01-01 00:00:00
829,166,2024-Q4,LEAD_TIME_ADHERENCE,80.88,95,C,,SYSTEM,2025-01-01 00:00:00,SYSTEM,2025-01-01 00:00:00
830,166,2024-Q4,OVERALL_SCORE,93.15,95,B,,SYSTEM,2025-01-01 00:00:00,SYSTEM,2025-01-01 00:00:00
831,167,2024-Q4,ON_TIME_DELIVERY,73.13,95,D,,SYSTEM,2025-01-01 00:00:00,SYSTEM,2025-01-01 00:00:00
832,167,2024-Q4,QUALITY_ACCEPTANCE,70.34,95,D,,SYSTEM,2025-01-01 00:00:00,SYSTEM,2025-01-01 00:00:00
833,167,2024-Q4,PRICE_VARIANCE,5.31,0,D,,SYSTEM,2025-01-01 00:00:00,SYSTEM,2025-01-01 00:00:00
834,167,2024-Q4,LEAD_TIME_ADHERENCE,71.45,95,D,,SYSTEM,2025-01-01 00:00:00,SYSTEM,2025-01-01 00:00:00
835,167,2024-Q4,OVERALL_SCORE,82.78,95,C,,SYSTEM,2025-01-01 00:00:00,SYSTEM,2025-01-01 00:00:00
836,168,2024-Q4,ON_TIME_DELIVERY,79.17,95,C,,SYSTEM,2025-01-01 00:00:00,SYSTEM,2025-01-01 00:00:00
837,168,2024-Q4,QUALITY_ACCEPTANCE,72.71,95,D,,SYSTEM,2025-01-01 00:00:00,SYSTEM,2025-01-01 00:00:00
838,168,2024-Q4,PRICE_VARIANCE,9.83,0,D,,SYSTEM,2025-01-01 00:00:00,SYSTEM,2025-01-01 00:00:00
839,168,2024-Q4,LEAD_TIME_ADHERENCE,76.37,95,C,,SYSTEM,2025-01-01 00:00:00,SYSTEM,2025-01-01 00:00:00
840,168,2024-Q4,OVERALL_SCORE,84.06,95,C,,SYSTEM,2025-01-01 00:00:00,SYSTEM,2025-01-01 00:00:00
841,169,2024-Q4,ON_TIME_DELIVERY,72.39,95,D,,SYSTEM,2025-01-01 00:00:00,SYSTEM,2025-01-01 00:00:00
842,169,2024-Q4,QUALITY_ACCEPTANCE,90.94,95,B,,SYSTEM,2025-01-01 00:00:00,SYSTEM,2025-01-01 00:00:00
843,169,2024-Q4,PRICE_VARIANCE,6.51,0,D,,SYSTEM,2025-01-01 00:00:00,SYSTEM,2025-01-01 00:00:00
844,169,2024-Q4,LEAD_TIME_ADHERENCE,97.09,95,A,,SYSTEM,2025-01-01 00:00:00,SYSTEM,2025-01-01 00:00:00
845,169,2024-Q4,OVERALL_SCORE,70.32,95,D,,SYSTEM,2025-01-01 00:00:00,SYSTEM,2025-01-01 00:00:00
846,170,2024-Q4,ON_TIME_DELIVERY,97.24,95,A,,SYSTEM,2025-01-01 00:00:00,SYSTEM,2025-01-01 00:00:00
847,170,2024-Q4,QUALITY_ACCEPTANCE,71.35,95,D,,SYSTEM,2025-01-01 00:00:00,SYSTEM,2025-01-01 00:00:00
848,170,2024-Q4,PRICE_VARIANCE,3.57,0,D,,SYSTEM,2025-01-01 00:00:00,SYSTEM,2025-01-01 00:00:00
849,170,2024-Q4,LEAD_TIME_ADHERENCE,98.83,95,A,,SYSTEM,2025-01-01 00:00:00,SYSTEM,2025-01-01 00:00:00
850,170,2024-Q4,OVERALL_SCORE,91.29,95,B,,SYSTEM,2025-01-01 00:00:00,SYSTEM,2025-01-01 00:00:00
851,171,2024-Q4,ON_TIME_DELIVERY,82.03,95,C,,SYSTEM,2025-01-01 00:00:00,SYSTEM,2025-01-01 00:00:00
852,171,2024-Q4,QUALITY_ACCEPTANCE,97.22,95,A,,SYSTEM,2025-01-01 00:00:00,SYSTEM,2025-01-01 00:00:00
853,171,2024-Q4,PRICE_VARIANCE,8.26,0,D,,SYSTEM,2025-01-01 00:00:00,SYSTEM,2025-01-01 00:00:00
854,171,2024-Q4,LEAD_TIME_ADHERENCE,92.76,95,B,,SYSTEM,2025-01-01 00:00:00,SYSTEM,2025-01-01 00:00:00
855,171,2024-Q4,OVERALL_SCORE,89.53,95,B,,SYSTEM,2025-01-01 00:00:00,SYSTEM,2025-01-01 00:00:00
856,172,2024-Q4,ON_TIME_DELIVERY,81.84,95,C,,SYSTEM,2025-01-01 00:00:00,SYSTEM,2025-01-01 00:00:00
857,172,2024-Q4,QUALITY_ACCEPTANCE,75.63,95,C,,SYSTEM,2025-01-01 00:00:00,SYSTEM,2025-01-01 00:00:00
858,172,2024-Q4,PRICE_VARIANCE,-2.5,0,D,,SYSTEM,2025-01-01 00:00:00,SYSTEM,2025-01-01 00:00:00
859,172,2024-Q4,LEAD_TIME_ADHERENCE,96.19,95,A,,SYSTEM,2025-01-01 00:00:00,SYSTEM,2025-01-01 00:00:00
860,172,2024-Q4,OVERALL_SCORE,79.21,95,C,,SYSTEM,2025-01-01 00:00:00,SYSTEM,2025-01-01 00:00:00
861,173,2024-Q4,ON_TIME_DELIVERY,79.0,95,C,,SYSTEM,2025-01-01 00:00:00,SYSTEM,2025-01-01 00:00:00
862,173,2024-Q4,QUALITY_ACCEPTANCE,83.95,95,C,,SYSTEM,2025-01-01 00:00:00,SYSTEM,2025-01-01 00:00:00
863,173,2024-Q4,PRICE_VARIANCE,-9.43,0,D,,SYSTEM,2025-01-01 00:00:00,SYSTEM,2025-01-01 00:00:00
864,173,2024-Q4,LEAD_TIME_ADHERENCE,77.1,95,C,,SYSTEM,2025-01-01 00:00:00,SYSTEM,2025-01-01 00:00:00
865,173,2024-Q4,OVERALL_SCORE,75.65,95,C,,SYSTEM,2025-01-01 00:00:00,SYSTEM,2025-01-01 00:00:00
866,174,2024-Q4,ON_TIME_DELIVERY,91.63,95,B,,SYSTEM,2025-01-01 00:00:00,SYSTEM,2025-01-01 00:00:00
867,174,2024-Q4,QUALITY_ACCEPTANCE,77.72,95,C,,SYSTEM,2025-01-01 00:00:00,SYSTEM,2025-01-01 00:00:00
868,174,2024-Q4,PRICE_VARIANCE,-1.34,0,D,,SYSTEM,2025-01-01 00:00:00,SYSTEM,2025-01-01 00:00:00
869,174,2024-Q4,LEAD_TIME_ADHERENCE,89.7,95,B,,SYSTEM,2025-01-01 00:00:00,SYSTEM,2025-01-01 00:00:00
870,174,2024-Q4,OVERALL_SCORE,78.2,95,C,,SYSTEM,2025-01-01 00:00:00,SYSTEM,2025-01-01 00:00:00
871,175,2024-Q4,ON_TIME_DELIVERY,91.26,95,B,,SYSTEM,2025-01-01 00:00:00,SYSTEM,2025-01-01 00:00:00
872,175,2024-Q4,QUALITY_ACCEPTANCE,88.38,95,B,,SYSTEM,2025-01-01 00:00:00,SYSTEM,2025-01-01 00:00:00
873,175,2024-Q4,PRICE_VARIANCE,3.5,0,D,,SYSTEM,2025-01-01 00:00:00,SYSTEM,2025-01-01 00:00:00
874,175,2024-Q4,LEAD_TIME_ADHERENCE,75.66,95,C,,SYSTEM,2025-01-01 00:00:00,SYSTEM,2025-01-01 00:00:00
875,175,2024-Q4,OVERALL_SCORE,88.6,95,B,,SYSTEM,2025-01-01 00:00:00,SYSTEM,2025-01-01 00:00:00
876,176,2024-Q4,ON_TIME_DELIVERY,84.65,95,C,,SYSTEM,2025-01-01 00:00:00,SYSTEM,2025-01-01 00:00:00
877,176,2024-Q4,QUALITY_ACCEPTANCE,91.48,95,B,,SYSTEM,2025-01-01 00:00:00,SYSTEM,2025-01-01 00:00:00
878,176,2024-Q4,PRICE_VARIANCE,-4.63,0,D,,SYSTEM,2025-01-01 00:00:00,SYSTEM,2025-01-01 00:00:00
879,176,2024-Q4,LEAD_TIME_ADHERENCE,71.38,95,D,,SYSTEM,2025-01-01 00:00:00,SYSTEM,2025-01-01 00:00:00
880,176,2024-Q4,OVERALL_SCORE,80.02,95,C,,SYSTEM,2025-01-01 00:00:00,SYSTEM,2025-01-01 00:00:00
881,177,2024-Q4,ON_TIME_DELIVERY,99.31,95,A,,SYSTEM,2025-01-01 00:00:00,SYSTEM,2025-01-01 00:00:00
882,177,2024-Q4,QUALITY_ACCEPTANCE,88.33,95,B,,SYSTEM,2025-01-01 00:00:00,SYSTEM,2025-01-01 00:00:00
883,177,2024-Q4,PRICE_VARIANCE,-4.73,0,D,,SYSTEM,2025-01-01 00:00:00,SYSTEM,2025-01-01 00:00:00
884,177,2024-Q4,LEAD_TIME_ADHERENCE,81.01,95,C,,SYSTEM,2025-01-01 00:00:00,SYSTEM,2025-01-01 00:00:00
885,177,2024-Q4,OVERALL_SCORE,92.76,95,B,,SYSTEM,2025-01-01 00:00:00,SYSTEM,2025-01-01 00:00:00
886,178,2024-Q4,ON_TIME_DELIVERY,73.26,95,D,,SYSTEM,2025-01-01 00:00:00,SYSTEM,2025-01-01 00:00:00
887,178,2024-Q4,QUALITY_ACCEPTANCE,88.43,95,B,,SYSTEM,2025-01-01 00:00:00,SYSTEM,2025-01-01 00:00:00
888,178,2024-Q4,PRICE_VARIANCE,1.33,0,D,,SYSTEM,2025-01-01 00:00:00,SYSTEM,2025-01-01 00:00:00
889,178,2024-Q4,LEAD_TIME_ADHERENCE,92.73,95,B,,SYSTEM,2025-01-01 00:00:00,SYSTEM,2025-01-01 00:00:00
890,178,2024-Q4,OVERALL_SCORE,99.44,95,A,,SYSTEM,2025-01-01 00:00:00,SYSTEM,2025-01-01 00:00:00
891,179,2024-Q4,ON_TIME_DELIVERY,73.22,95,D,,SYSTEM,2025-01-01 00:00:00,SYSTEM,2025-01-01 00:00:00
892,179,2024-Q4,QUALITY_ACCEPTANCE,76.48,95,C,,SYSTEM,2025-01-01 00:00:00,SYSTEM,2025-01-01 00:00:00
893,179,2024-Q4,PRICE_VARIANCE,-9.63,0,D,,SYSTEM,2025-01-01 00:00:00,SYSTEM,2025-01-01 00:00:00
894,179,2024-Q4,LEAD_TIME_ADHERENCE,95.51,95,A,,SYSTEM,2025-01-01 00:00:00,SYSTEM,2025-01-01 00:00:00
895,179,2024-Q4,OVERALL_SCORE,97.36,95,A,,SYSTEM,2025-01-01 00:00:00,SYSTEM,2025-01-01 00:00:00
896,180,2024-Q4,ON_TIME_DELIVERY,79.44,95,C,,SYSTEM,2025-01-01 00:00:00,SYSTEM,2025-01-01 00:00:00
897,180,2024-Q4,QUALITY_ACCEPTANCE,76.86,95,C,,SYSTEM,2025-01-01 00:00:00,SYSTEM,2025-01-01 00:00:00
898,180,2024-Q4,PRICE_VARIANCE,6.69,0,D,,SYSTEM,2025-01-01 00:00:00,SYSTEM,2025-01-01 00:00:00
899,180,2024-Q4,LEAD_TIME_ADHERENCE,82.31,95,C,,SYSTEM,2025-01-01 00:00:00,SYSTEM,2025-01-01 00:00:00
900,180,2024-Q4,OVERALL_SCORE,79.07,95,C,,SYSTEM,2025-01-01 00:00:00,SYSTEM,2025-01-01 00:00:00
901,181,2024-Q4,ON_TIME_DELIVERY,79.37,95,C,,SYSTEM,2025-01-01 00:00:00,SYSTEM,2025-01-01 00:00:00
902,181,2024-Q4,QUALITY_ACCEPTANCE,77.2,95,C,,SYSTEM,2025-01-01 00:00:00,SYSTEM,2025-01-01 00:00:00
903,181,2024-Q4,PRICE_VARIANCE,-3.28,0,D,,SYSTEM,2025-01-01 00:00:00,SYSTEM,2025-01-01 00:00:00
904,181,2024-Q4,LEAD_TIME_ADHERENCE,86.94,95,B,,SYSTEM,2025-01-01 00:00:00,SYSTEM,2025-01-01 00:00:00
905,181,2024-Q4,OVERALL_SCORE,87.95,95,B,,SYSTEM,2025-01-01 00:00:00,SYSTEM,2025-01-01 00:00:00
906,182,2024-Q4,ON_TIME_DELIVERY,77.71,95,C,,SYSTEM,2025-01-01 00:00:00,SYSTEM,2025-01-01 00:00:00
907,182,2024-Q4,QUALITY_ACCEPTANCE,87.95,95,B,,SYSTEM,2025-01-01 00:00:00,SYSTEM,2025-01-01 00:00:00
908,182,2024-Q4,PRICE_VARIANCE,-0.94,0,D,,SYSTEM,2025-01-01 00:00:00,SYSTEM,2025-01-01 00:00:00
909,182,2024-Q4,LEAD_TIME_ADHERENCE,83.84,95,C,,SYSTEM,2025-01-01 00:00:00,SYSTEM,2025-01-01 00:00:00
910,182,2024-Q4,OVERALL_SCORE,98.41,95,A,,SYSTEM,2025-01-01 00:00:00,SYSTEM,2025-01-01 00:00:00
911,183,2024-Q4,ON_TIME_DELIVERY,81.72,95,C,,SYSTEM,2025-01-01 00:00:00,SYSTEM,2025-01-01 00:00:00
912,183,2024-Q4,QUALITY_ACCEPTANCE,71.59,95,D,,SYSTEM,2025-01-01 00:00:00,SYSTEM,2025-01-01 00:00:00
913,183,2024-Q4,PRICE_VARIANCE,-1.22,0,D,,SYSTEM,2025-01-01 00:00:00,SYSTEM,2025-01-01 00:00:00
914,183,2024-Q4,LEAD_TIME_ADHERENCE,89.13,95,B,,SYSTEM,2025-01-01 00:00:00,SYSTEM,2025-01-01 00:00:00
915,183,2024-Q4,OVERALL_SCORE,84.22,95,C,,SYSTEM,2025-01-01 00:00:00,SYSTEM,2025-01-01 00:00:00
916,184,2024-Q4,ON_TIME_DELIVERY,83.2,95,C,,SYSTEM,2025-01-01 00:00:00,SYSTEM,2025-01-01 00:00:00
917,184,2024-Q4,QUALITY_ACCEPTANCE,80.0,95,C,,SYSTEM,2025-01-01 00:00:00,SYSTEM,2025-01-01 00:00:00
918,184,2024-Q4,PRICE_VARIANCE,0.37,0,D,,SYSTEM,2025-01-01 00:00:00,SYSTEM,2025-01-01 00:00:00
919,184,2024-Q4,LEAD_TIME_ADHERENCE,79.41,95,C,,SYSTEM,2025-01-01 00:00:00,SYSTEM,2025-01-01 00:00:00
920,184,2024-Q4,OVERALL_SCORE,84.17,95,C,,SYSTEM,2025-01-01 00:00:00,SYSTEM,2025-01-01 00:00:00
921,185,2024-Q4,ON_TIME_DELIVERY,92.6,95,B,,SYSTEM,2025-01-01 00:00:00,SYSTEM,2025-01-01 00:00:00
922,185,2024-Q4,QUALITY_ACCEPTANCE,70.18,95,D,,SYSTEM,2025-01-01 00:00:00,SYSTEM,2025-01-01 00:00:00
923,185,2024-Q4,PRICE_VARIANCE,2.21,0,D,,SYSTEM,2025-01-01 00:00:00,SYSTEM,2025-01-01 00:00:00
924,185,2024-Q4,LEAD_TIME_ADHERENCE,74.63,95,D,,SYSTEM,2025-01-01 00:00:00,SYSTEM,2025-01-01 00:00:00
925,185,2024-Q4,OVERALL_SCORE,71.83,95,D,,SYSTEM,2025-01-01 00:00:00,SYSTEM,2025-01-01 00:00:00
926,186,2024-Q4,ON_TIME_DELIVERY,78.54,95,C,,SYSTEM,2025-01-01 00:00:00,SYSTEM,2025-01-01 00:00:00
927,186,2024-Q4,QUALITY_ACCEPTANCE,99.84,95,A,,SYSTEM,2025-01-01 00:00:00,SYSTEM,2025-01-01 00:00:00
928,186,2024-Q4,PRICE_VARIANCE,0.37,0,D,,SYSTEM,2025-01-01 00:00:00,SYSTEM,2025-01-01 00:00:00
929,186,2024-Q4,LEAD_TIME_ADHERENCE,70.0,95,D,,SYSTEM,2025-01-01 00:00:00,SYSTEM,2025-01-01 00:00:00
930,186,2024-Q4,OVERALL_SCORE,90.52,95,B,,SYSTEM,2025-01-01 00:00:00,SYSTEM,2025-01-01 00:00:00
931,187,2024-Q4,ON_TIME_DELIVERY,83.59,95,C,,SYSTEM,2025-01-01 00:00:00,SYSTEM,2025-01-01 00:00:00
932,187,2024-Q4,QUALITY_ACCEPTANCE,87.79,95,B,,SYSTEM,2025-01-01 00:00:00,SYSTEM,2025-01-01 00:00:00
933,187,2024-Q4,PRICE_VARIANCE,5.04,0,D,,SYSTEM,2025-01-01 00:00:00,SYSTEM,2025-01-01 00:00:00
934,187,2024-Q4,LEAD_TIME_ADHERENCE,79.1,95,C,,SYSTEM,2025-01-01 00:00:00,SYSTEM,2025-01-01 00:00:00
935,187,2024-Q4,OVERALL_SCORE,84.11,95,C,,SYSTEM,2025-01-01 00:00:00,SYSTEM,2025-01-01 00:00:00
936,188,2024-Q4,ON_TIME_DELIVERY,76.1,95,C,,SYSTEM,2025-01-01 00:00:00,SYSTEM,2025-01-01 00:00:00
937,188,2024-Q4,QUALITY_ACCEPTANCE,89.4,95,B,,SYSTEM,2025-01-01 00:00:00,SYSTEM,2025-01-01 00:00:00
938,188,2024-Q4,PRICE_VARIANCE,-6.54,0,D,,SYSTEM,2025-01-01 00:00:00,SYSTEM,2025-01-01 00:00:00
939,188,2024-Q4,LEAD_TIME_ADHERENCE,83.31,95,C,,SYSTEM,2025-01-01 00:00:00,SYSTEM,2025-01-01 00:00:00
940,188,2024-Q4,OVERALL_SCORE,84.93,95,C,,SYSTEM,2025-01-01 00:00:00,SYSTEM,2025-01-01 00:00:00
941,189,2024-Q4,ON_TIME_DELIVERY,88.4,95,B,,SYSTEM,2025-01-01 00:00:00,SYSTEM,2025-01-01 00:00:00
942,189,2024-Q4,QUALITY_ACCEPTANCE,71.6,95,D,,SYSTEM,2025-01-01 00:00:00,SYSTEM,2025-01-01 00:00:00
943,189,2024-Q4,PRICE_VARIANCE,2.4,0,D,,SYSTEM,2025-01-01 00:00:00,SYSTEM,2025-01-01 00:00:00
944,189,2024-Q4,LEAD_TIME_ADHERENCE,89.22,95,B,,SYSTEM,2025-01-01 00:00:00,SYSTEM,2025-01-01 00:00:00
945,189,2024-Q4,OVERALL_SCORE,99.36,95,A,,SYSTEM,2025-01-01 00:00:00,SYSTEM,2025-01-01 00:00:00
946,190,2024-Q4,ON_TIME_DELIVERY,95.32,95,A,,SYSTEM,2025-01-01 00:00:00,SYSTEM,2025-01-01 00:00:00
947,190,2024-Q4,QUALITY_ACCEPTANCE,76.06,95,C,,SYSTEM,2025-01-01 00:00:00,SYSTEM,2025-01-01 00:00:00
948,190,2024-Q4,PRICE_VARIANCE,-5.5,0,D,,SYSTEM,2025-01-01 00:00:00,SYSTEM,2025-01-01 00:00:00
949,190,2024-Q4,LEAD_TIME_ADHERENCE,70.14,95,D,,SYSTEM,2025-01-01 00:00:00,SYSTEM,2025-01-01 00:00:00
950,190,2024-Q4,OVERALL_SCORE,83.97,95,C,,SYSTEM,2025-01-01 00:00:00,SYSTEM,2025-01-01 00:00:00
951,191,2024-Q4,ON_TIME_DELIVERY,92.22,95,B,,SYSTEM,2025-01-01 00:00:00,SYSTEM,2025-01-01 00:00:00
952,191,2024-Q4,QUALITY_ACCEPTANCE,74.94,95,D,,SYSTEM,2025-01-01 00:00:00,SYSTEM,2025-01-01 00:00:00
953,191,2024-Q4,PRICE_VARIANCE,0.45,0,D,,SYSTEM,2025-01-01 00:00:00,SYSTEM,2025-01-01 00:00:00
954,191,2024-Q4,LEAD_TIME_ADHERENCE,90.43,95,B,,SYSTEM,2025-01-01 00:00:00,SYSTEM,2025-01-01 00:00:00
955,191,2024-Q4,OVERALL_SCORE,82.89,95,C,,SYSTEM,2025-01-01 00:00:00,SYSTEM,2025-01-01 00:00:00
956,192,2024-Q4,ON_TIME_DELIVERY,72.47,95,D,,SYSTEM,2025-01-01 00:00:00,SYSTEM,2025-01-01 00:00:00
957,192,2024-Q4,QUALITY_ACCEPTANCE,80.74,95,C,,SYSTEM,2025-01-01 00:00:00,SYSTEM,2025-01-01 00:00:00
958,192,2024-Q4,PRICE_VARIANCE,4.18,0,D,,SYSTEM,2025-01-01 00:00:00,SYSTEM,2025-01-01 00:00:00
959,192,2024-Q4,LEAD_TIME_ADHERENCE,93.57,95,B,,SYSTEM,2025-01-01 00:00:00,SYSTEM,2025-01-01 00:00:00
960,192,2024-Q4,OVERALL_SCORE,92.25,95,B,,SYSTEM,2025-01-01 00:00:00,SYSTEM,2025-01-01 00:00:00
961,193,2024-Q4,ON_TIME_DELIVERY,76.53,95,C,,SYSTEM,2025-01-01 00:00:00,SYSTEM,2025-01-01 00:00:00
962,193,2024-Q4,QUALITY_ACCEPTANCE,96.85,95,A,,SYSTEM,2025-01-01 00:00:00,SYSTEM,2025-01-01 00:00:00
963,193,2024-Q4,PRICE_VARIANCE,3.16,0,D,,SYSTEM,2025-01-01 00:00:00,SYSTEM,2025-01-01 00:00:00
964,193,2024-Q4,LEAD_TIME_ADHERENCE,99.84,95,A,,SYSTEM,2025-01-01 00:00:00,SYSTEM,2025-01-01 00:00:00
965,193,2024-Q4,OVERALL_SCORE,93.42,95,B,,SYSTEM,2025-01-01 00:00:00,SYSTEM,2025-01-01 00:00:00
966,194,2024-Q4,ON_TIME_DELIVERY,71.15,95,D,,SYSTEM,2025-01-01 00:00:00,SYSTEM,2025-01-01 00:00:00
967,194,2024-Q4,QUALITY_ACCEPTANCE,83.9,95,C,,SYSTEM,2025-01-01 00:00:00,SYSTEM,2025-01-01 00:00:00
968,194,2024-Q4,PRICE_VARIANCE,-6.59,0,D,,SYSTEM,2025-01-01 00:00:00,SYSTEM,2025-01-01 00:00:00
969,194,2024-Q4,LEAD_TIME_ADHERENCE,77.79,95,C,,SYSTEM,2025-01-01 00:00:00,SYSTEM,2025-01-01 00:00:00
970,194,2024-Q4,OVERALL_SCORE,95.87,95,A,,SYSTEM,2025-01-01 00:00:00,SYSTEM,2025-01-01 00:00:00
971,195,2024-Q4,ON_TIME_DELIVERY,92.44,95,B,,SYSTEM,2025-01-01 00:00:00,SYSTEM,2025-01-01 00:00:00
972,195,2024-Q4,QUALITY_ACCEPTANCE,83.11,95,C,,SYSTEM,2025-01-01 00:00:00,SYSTEM,2025-01-01 00:00:00
973,195,2024-Q4,PRICE_VARIANCE,6.18,0,D,,SYSTEM,2025-01-01 00:00:00,SYSTEM,2025-01-01 00:00:00
974,195,2024-Q4,LEAD_TIME_ADHERENCE,78.8,95,C,,SYSTEM,2025-01-01 00:00:00,SYSTEM,2025-01-01 00:00:00
975,195,2024-Q4,OVERALL_SCORE,74.2,95,D,,SYSTEM,2025-01-01 00:00:00,SYSTEM,2025-01-01 00:00:00
976,196,2024-Q4,ON_TIME_DELIVERY,78.34,95,C,,SYSTEM,2025-01-01 00:00:00,SYSTEM,2025-01-01 00:00:00
977,196,2024-Q4,QUALITY_ACCEPTANCE,85.06,95,B,,SYSTEM,2025-01-01 00:00:00,SYSTEM,2025-01-01 00:00:00
978,196,2024-Q4,PRICE_VARIANCE,9.17,0,D,,SYSTEM,2025-01-01 00:00:00,SYSTEM,2025-01-01 00:00:00
979,196,2024-Q4,LEAD_TIME_ADHERENCE,74.2,95,D,,SYSTEM,2025-01-01 00:00:00,SYSTEM,2025-01-01 00:00:00
980,196,2024-Q4,OVERALL_SCORE,91.03,95,B,,SYSTEM,2025-01-01 00:00:00,SYSTEM,2025-01-01 00:00:00
981,197,2024-Q4,ON_TIME_DELIVERY,80.4,95,C,,SYSTEM,2025-01-01 00:00:00,SYSTEM,2025-01-01 00:00:00
982,197,2024-Q4,QUALITY_ACCEPTANCE,70.08,95,D,,SYSTEM,2025-01-01 00:00:00,SYSTEM,2025-01-01 00:00:00
983,197,2024-Q4,PRICE_VARIANCE,6.74,0,D,,SYSTEM,2025-01-01 00:00:00,SYSTEM,2025-01-01 00:00:00
984,197,2024-Q4,LEAD_TIME_ADHERENCE,72.87,95,D,,SYSTEM,2025-01-01 00:00:00,SYSTEM,2025-01-01 00:00:00
985,197,2024-Q4,OVERALL_SCORE,83.66,95,C,,SYSTEM,2025-01-01 00:00:00,SYSTEM,2025-01-01 00:00:00
986,198,2024-Q4,ON_TIME_DELIVERY,77.01,95,C,,SYSTEM,2025-01-01 00:00:00,SYSTEM,2025-01-01 00:00:00
987,198,2024-Q4,QUALITY_ACCEPTANCE,82.29,95,C,,SYSTEM,2025-01-01 00:00:00,SYSTEM,2025-01-01 00:00:00
988,198,2024-Q4,PRICE_VARIANCE,6.77,0,D,,SYSTEM,2025-01-01 00:00:00,SYSTEM,2025-01-01 00:00:00
989,198,2024-Q4,LEAD_TIME_ADHERENCE,97.28,95,A,,SYSTEM,2025-01-01 00:00:00,SYSTEM,2025-01-01 00:00:00
990,198,2024-Q4,OVERALL_SCORE,96.21,95,A,,SYSTEM,2025-01-01 00:00:00,SYSTEM,2025-01-01 00:00:00
991,199,2024-Q4,ON_TIME_DELIVERY,80.18,95,C,,SYSTEM,2025-01-01 00:00:00,SYSTEM,2025-01-01 00:00:00
992,199,2024-Q4,QUALITY_ACCEPTANCE,75.77,95,C,,SYSTEM,2025-01-01 00:00:00,SYSTEM,2025-01-01 00:00:00
993,199,2024-Q4,PRICE_VARIANCE,-7.2,0,D,,SYSTEM,2025-01-01 00:00:00,SYSTEM,2025-01-01 00:00:00
994,199,2024-Q4,LEAD_TIME_ADHERENCE,89.36,95,B,,SYSTEM,2025-01-01 00:00:00,SYSTEM,2025-01-01 00:00:00
995,199,2024-Q4,OVERALL_SCORE,72.15,95,D,,SYSTEM,2025-01-01 00:00:00,SYSTEM,2025-01-01 00:00:00
996,200,2024-Q4,ON_TIME_DELIVERY,86.48,95,B,,SYSTEM,2025-01-01 00:00:00,SYSTEM,2025-01-01 00:00:00
997,200,2024-Q4,QUALITY_ACCEPTANCE,97.48,95,A,,SYSTEM,2025-01-01 00:00:00,SYSTEM,2025-01-01 00:00:00
998,200,2024-Q4,PRICE_VARIANCE,-1.75,0,D,,SYSTEM,2025-01-01 00:00:00,SYSTEM,2025-01-01 00:00:00
999,200,2024-Q4,LEAD_TIME_ADHERENCE,83.98,95,C,,SYSTEM,2025-01-01 00:00:00,SYSTEM,2025-01-01 00:00:00
1000,200,2024-Q4,OVERALL_SCORE,77.8,95,C,,SYSTEM,2025-01-01 00:00:00,SYSTEM,2025-01-01 00:00:00
